,Country,Region,Happiness Score,Happiness Rank,GDP per Capita,Health (Life Expectancy),Freedom to make life choices,Year,Perceptions of corruption
0,Afghanistan,Southern Asia,3.575,153,0.31982,0.30335,0.23414,2015,0.90281
1,Albania,Central and Eastern Europe,4.959,95,0.87867,0.81325,0.35733,2015,0.93587
2,Algeria,Middle East and Northern Africa,5.605,68,0.93929,0.61766,0.28579,2015,0.82617
3,Angola,Sub-Saharan Africa,4.033,137,0.75778,0.16683,0.10384,2015,0.9287799999999999
4,Argentina,Latin America and Caribbean,6.574,30,1.05351,0.78723,0.44974,2015,0.91516
5,Armenia,Central and Eastern Europe,4.35,127,0.76821,0.7299,0.19847,2015,0.961
6,Australia,Australia and New Zealand,7.284,10,1.33358,0.93156,0.65124,2015,0.6436299999999999
7,Austria,Western Europe,7.2,13,1.33723,0.89042,0.62433,2015,0.81324
8,Azerbaijan,Central and Eastern Europe,5.212,80,1.02389,0.64045,0.3703,2015,0.83935
9,Bahrain,Middle East and Northern Africa,5.96,49,1.32376,0.74716,0.45492,2015,0.694
10,Bangladesh,Southern Asia,4.694,109,0.39753,0.60164,0.4082,2015,0.87431
11,Belarus,Central and Eastern Europe,5.813,59,1.03192,0.73608,0.37938,2015,0.8091
12,Belgium,Western Europe,6.937,19,1.30782,0.89667,0.5845,2015,0.7746
13,Benin,Sub-Saharan Africa,3.34,155,0.28665,0.3191,0.4845,2015,0.9198999999999999
14,Bhutan,Southern Asia,5.253,79,0.77042,0.57407,0.53206,2015,0.84555
15,Bolivia,Latin America and Caribbean,5.89,51,0.68133,0.5392,0.57414,2015,0.912
16,Bosnia and Herzegovina,Central and Eastern Europe,4.949,96,0.83223,0.79081,0.09245,2015,0.99773
17,Botswana,Sub-Saharan Africa,4.332,128,0.99355,0.04776,0.49495,2015,0.87526
18,Brazil,Latin America and Caribbean,6.983,16,0.98124,0.69702,0.49049,2015,0.82479
19,Bulgaria,Central and Eastern Europe,4.218,134,1.01216,0.76649,0.30587,2015,0.99128
20,Burkina Faso,Sub-Saharan Africa,3.587,152,0.25812,0.27125,0.39493,2015,0.87168
21,Burundi,Sub-Saharan Africa,2.905,157,0.0153,0.22396,0.1185,2015,0.89938
22,Cambodia,Southeastern Asia,3.819,145,0.46038,0.61114,0.66246,2015,0.92753
23,Cameroon,Sub-Saharan Africa,4.252,133,0.4225,0.23402,0.49309,2015,0.94214
24,Canada,North America,7.427,5,1.32629,0.90563,0.63297,2015,0.6704300000000001
25,Central African Republic,Sub-Saharan Africa,3.678,148,0.0785,0.06699,0.48879,2015,0.91711
26,Chad,Sub-Saharan Africa,3.667,149,0.34193,0.1501,0.23501,2015,0.94731
27,Chile,Latin America and Caribbean,6.67,27,1.10715,0.85857,0.44132,2015,0.87131
28,China,Eastern Asia,5.14,84,0.89012,0.81658,0.51697,2015,0.97219
29,Colombia,Latin America and Caribbean,6.477,33,0.91861,0.69077,0.53466,2015,0.9488
30,Comoros,Sub-Saharan Africa,3.956,140,0.23906,0.36315,0.22917,2015,0.8009999999999999
31,Congo (Brazzaville),Sub-Saharan Africa,3.989,139,0.67866,0.31051,0.41466,2015,0.88314
32,Congo (Kinshasa),Sub-Saharan Africa,4.517,120,0.0,0.09806,0.22605,2015,0.92375
33,Costa Rica,Latin America and Caribbean,7.226,12,0.95578,0.86027,0.63376,2015,0.89417
34,Croatia,Central and Eastern Europe,5.759,62,1.08254,0.78805,0.25883,2015,0.9757
35,Cyprus,Western Europe,5.689,67,1.20813,0.92356,0.40672,2015,0.93854
36,Czech Republic,Central and Eastern Europe,6.505,31,1.17898,0.84483,0.46364,2015,0.97348
37,Denmark,Western Europe,7.527,3,1.32548,0.87464,0.64938,2015,0.51643
38,Djibouti,Sub-Saharan Africa,4.369,126,0.44025,0.36291,0.46074,2015,0.71895
39,Dominican Republic,Latin America and Caribbean,4.885,98,0.89537,0.66825,0.57672,2015,0.85766
40,Ecuador,Latin America and Caribbean,5.975,48,0.86402,0.79075,0.48574,2015,0.8190999999999999
41,Egypt,Middle East and Northern Africa,4.194,135,0.8818,0.61712,0.17288,2015,0.93676
42,El Salvador,Latin America and Caribbean,6.13,42,0.76454,0.67737,0.4035,2015,0.88224
43,Estonia,Central and Eastern Europe,5.429,73,1.15174,0.77361,0.44888,2015,0.84816
44,Ethiopia,Sub-Saharan Africa,4.512,122,0.19073,0.44055,0.4345,2015,0.84952
45,Finland,Western Europe,7.406,6,1.29025,0.88911,0.64169,2015,0.58628
46,France,Western Europe,6.575,29,1.27778,0.94579,0.55011,2015,0.79354
47,Gabon,Sub-Saharan Africa,3.896,143,1.06024,0.43372,0.31914,2015,0.88909
48,Georgia,Central and Eastern Europe,4.297,130,0.7419,0.72926,0.40577,2015,0.61669
49,Germany,Western Europe,6.75,26,1.32792,0.89186,0.61477,2015,0.78157
50,Ghana,Sub-Saharan Africa,4.633,114,0.54558,0.40132,0.42342,2015,0.95645
51,Greece,Western Europe,4.857,102,1.15406,0.88213,0.07699,2015,0.98603
52,Guatemala,Latin America and Caribbean,6.123,43,0.74553,0.64425,0.57733,2015,0.90528
53,Guinea,Sub-Saharan Africa,3.656,150,0.17417,0.24009,0.37725,2015,0.87861
54,Haiti,Latin America and Caribbean,4.518,119,0.26673,0.38847,0.24425,2015,0.8282499999999999
55,Honduras,Latin America and Caribbean,4.788,105,0.59532,0.6951,0.40148,2015,0.93175
56,Hong Kong,Eastern Asia,5.474,72,1.38604,1.01328,0.59608,2015,0.62876
57,Hungary,Central and Eastern Europe,4.8,104,1.12094,0.75905,0.32112,2015,0.97242
58,Iceland,Western Europe,7.561,2,1.30232,0.94784,0.62877,2015,0.85855
59,India,Southern Asia,4.565,117,0.64499,0.51529,0.39786,2015,0.91508
60,Indonesia,Southeastern Asia,5.399,74,0.82827,0.63793,0.46611,2015,1.0
61,Iran,Middle East and Northern Africa,4.686,110,1.0088,0.69805,0.30033,2015,0.94137
62,Iraq,Middle East and Northern Africa,4.677,112,0.98549,0.60237,0.0,2015,0.86212
63,Ireland,Western Europe,6.94,18,1.33596,0.89533,0.61777,2015,0.71297
64,Israel,Middle East and Northern Africa,7.278,11,1.22857,0.91387,0.41319,2015,0.92215
65,Italy,Western Europe,5.948,50,1.25114,0.95446,0.26236,2015,0.97099
66,Ivory Coast,Sub-Saharan Africa,3.655,151,0.46534,0.15185,0.46866,2015,0.8207800000000001
67,Jamaica,Latin America and Caribbean,5.709,65,0.81038,0.68741,0.50442,2015,0.97701
68,Japan,Eastern Asia,5.987,46,1.27074,0.99111,0.49615,2015,0.8194
69,Jordan,Middle East and Northern Africa,5.192,82,0.90198,0.69639,0.40661,2015,0.85707
70,Kazakhstan,Central and Eastern Europe,5.855,54,1.12254,0.64368,0.51649,2015,0.9154599999999999
71,Kenya,Sub-Saharan Africa,4.419,125,0.36471,0.41435,0.42215,2015,0.9416100000000001
72,Kosovo,Central and Eastern Europe,5.589,69,0.80148,0.63132,0.24749,2015,0.95259
73,Kuwait,Middle East and Northern Africa,6.295,39,1.55422,0.72492,0.55499,2015,0.7439100000000001
74,Kyrgyzstan,Central and Eastern Europe,5.286,77,0.47428,0.65088,0.43477,2015,0.95768
75,Laos,Southeastern Asia,4.876,99,0.59066,0.54909,0.59591,2015,0.75751
76,Latvia,Central and Eastern Europe,5.098,89,1.11312,0.72437,0.29671,2015,0.93668
77,Lebanon,Middle East and Northern Africa,4.839,103,1.02564,0.83947,0.33916,2015,0.95418
78,Lesotho,Sub-Saharan Africa,4.898,97,0.37545,0.07612,0.31767,2015,0.87496
79,Liberia,Sub-Saharan Africa,4.571,116,0.0712,0.34201,0.28531,2015,0.93768
80,Libya,Middle East and Northern Africa,5.754,63,1.13145,0.7038,0.41668,2015,0.88977
81,Lithuania,Central and Eastern Europe,5.833,56,1.14723,0.73128,0.21342,2015,0.98969
82,Luxembourg,Western Europe,6.946,17,1.56391,0.91894,0.61583,2015,0.62202
83,Macedonia,Central and Eastern Europe,5.007,93,0.91851,0.73545,0.33457,2015,0.94673
84,Madagascar,Sub-Saharan Africa,3.681,147,0.20824,0.46721,0.19184,2015,0.91876
85,Malawi,Sub-Saharan Africa,4.292,131,0.01604,0.22562,0.43054,2015,0.93023
86,Malaysia,Southeastern Asia,5.77,61,1.12486,0.72394,0.53024,2015,0.89499
87,Mali,Sub-Saharan Africa,3.995,138,0.26074,0.20583,0.38857,2015,0.87648
88,Malta,Western Europe,6.302,37,1.2074,0.88721,0.60365,2015,0.86414
89,Mauritania,Sub-Saharan Africa,4.436,124,0.45407,0.35874,0.24232,2015,0.8253900000000001
90,Mauritius,Sub-Saharan Africa,5.477,71,1.00761,0.7095,0.56066,2015,0.92479
91,Mexico,Latin America and Caribbean,7.187,14,1.02054,0.81444,0.48181,2015,0.78688
92,Moldova,Central and Eastern Europe,5.889,52,0.59448,0.61826,0.32818,2015,0.98385
93,Mongolia,Eastern Asia,4.874,100,0.82819,0.60268,0.43626,2015,0.97334
94,Montenegro,Central and Eastern Europe,5.192,82,0.97438,0.72521,0.1826,2015,0.85704
95,Morocco,Middle East and Northern Africa,5.013,92,0.73479,0.60954,0.41691,2015,0.91454
96,Mozambique,Sub-Saharan Africa,4.971,94,0.08308,0.09131,0.34037,2015,0.84397
97,Myanmar,Southeastern Asia,4.307,129,0.27108,0.48246,0.44017,2015,0.80966
98,Nepal,Southern Asia,4.514,121,0.35997,0.56874,0.38282,2015,0.94093
99,Netherlands,Western Europe,7.378,7,1.32944,0.89284,0.61576,2015,0.68186
100,New Zealand,Australia and New Zealand,7.286,9,1.25018,0.90837,0.63938,2015,0.5707800000000001
101,Nicaragua,Latin America and Caribbean,5.828,57,0.59325,0.74314,0.55475,2015,0.8068299999999999
102,Niger,Sub-Saharan Africa,3.845,144,0.0694,0.29707,0.47692,2015,0.84361
103,Nigeria,Sub-Saharan Africa,5.268,78,0.65435,0.16007,0.34334,2015,0.9597
104,North Cyprus,Western Europe,5.695,66,1.20806,0.92356,0.49027,2015,0.8572
105,Norway,Western Europe,7.522,4,1.459,0.88521,0.66973,2015,0.63497
106,Oman,Middle East and Northern Africa,6.853,22,1.36011,0.76276,0.63274,2015,0.67476
107,Pakistan,Southern Asia,5.194,81,0.59543,0.51466,0.12102,2015,0.89536
108,Palestinian Territories,Middle East and Northern Africa,4.715,108,0.59867,0.66015,0.24499,2015,0.87095
109,Panama,Latin America and Caribbean,6.786,25,1.06353,0.79661,0.5421,2015,0.9073
110,Paraguay,Latin America and Caribbean,5.878,53,0.75985,0.66098,0.53899,2015,0.9175800000000001
111,Peru,Latin America and Caribbean,5.824,58,0.90019,0.73017,0.41496,2015,0.94011
112,Philippines,Southeastern Asia,5.073,90,0.70532,0.58114,0.62545,2015,0.87721
113,Poland,Central and Eastern Europe,5.791,60,1.12555,0.77903,0.53122,2015,0.95788
114,Portugal,Western Europe,5.102,88,1.15991,0.87519,0.51469,2015,0.98922
115,Qatar,Middle East and Northern Africa,6.611,28,1.69042,0.79733,0.6404,2015,0.47792
116,Romania,Central and Eastern Europe,5.124,86,1.04345,0.7689,0.35068,2015,0.99351
117,Russia,Central and Eastern Europe,5.716,64,1.13764,0.66926,0.36679,2015,0.96995
118,Rwanda,Sub-Saharan Africa,3.465,154,0.22208,0.42864,0.59201,2015,0.44809
119,Saudi Arabia,Middle East and Northern Africa,6.411,35,1.39541,0.72025,0.31048,2015,0.67476
120,Senegal,Sub-Saharan Africa,3.904,142,0.36498,0.4354,0.36772,2015,0.89287
121,Serbia,Central and Eastern Europe,5.123,87,0.92053,0.74836,0.20107,2015,0.97383
122,Sierra Leone,Sub-Saharan Africa,4.507,123,0.33024,0.0,0.4084,2015,0.91214
123,Singapore,Southeastern Asia,6.798,24,1.52186,1.02525,0.54252,2015,0.5079
124,Slovakia,Central and Eastern Europe,5.995,45,1.16891,0.78902,0.31751,2015,0.96569
125,Slovenia,Central and Eastern Europe,5.848,55,1.18498,0.87337,0.60855,2015,0.96213
126,Somaliland region,Sub-Saharan Africa,5.057,91,0.18847,0.43873,0.46582,2015,0.6007199999999999
127,South Africa,Sub-Saharan Africa,4.642,113,0.92049,0.27688,0.33207,2015,0.91116
128,South Korea,Eastern Asia,5.984,47,1.24461,0.96538,0.33208,2015,0.92143
129,Spain,Western Europe,6.329,36,1.23011,0.95562,0.45951,2015,0.93602
130,Sri Lanka,Southern Asia,4.271,132,0.83524,0.70806,0.53726,2015,0.90821
131,Sudan,Sub-Saharan Africa,4.55,118,0.52107,0.36878,0.10081,2015,0.8533999999999999
132,Suriname,Latin America and Caribbean,6.269,40,0.99534,0.6082,0.59657,2015,0.8636699999999999
133,Swaziland,Sub-Saharan Africa,4.867,101,0.71206,0.07566,0.30658,2015,0.9694
134,Sweden,Western Europe,7.364,8,1.33171,0.91087,0.6598,2015,0.5615600000000001
135,Switzerland,Western Europe,7.587,1,1.39651,0.94143,0.66557,2015,0.58022
136,Syria,Middle East and Northern Africa,3.006,156,0.6632,0.72193,0.15684,2015,0.81094
137,Taiwan,Eastern Asia,6.298,38,1.29098,0.8753,0.3974,2015,0.91871
138,Tajikistan,Central and Eastern Europe,4.786,106,0.39047,0.57379,0.47216,2015,0.84928
139,Tanzania,Sub-Saharan Africa,3.781,146,0.2852,0.38215,0.32878,2015,0.94253
140,Thailand,Southeastern Asia,6.455,34,0.9669,0.7385,0.55664,2015,0.96813
141,Togo,Sub-Saharan Africa,2.839,158,0.20868,0.28443,0.36453,2015,0.89269
142,Trinidad and Tobago,Latin America and Caribbean,6.168,41,1.21183,0.61483,0.55884,2015,0.9886
143,Tunisia,Middle East and Northern Africa,4.739,107,0.88113,0.73793,0.26268,2015,0.93642
144,Turkey,Middle East and Northern Africa,5.332,76,1.06098,0.73172,0.22815,2015,0.8425400000000001
145,Turkmenistan,Central and Eastern Europe,5.548,70,0.95847,0.53886,0.4761,2015,0.69156
146,Uganda,Sub-Saharan Africa,3.931,141,0.21102,0.33861,0.45727,2015,0.92733
147,Ukraine,Central and Eastern Europe,4.681,111,0.79907,0.6739,0.25123,2015,0.97039
148,United Arab Emirates,Middle East and Northern Africa,6.901,20,1.42727,0.80925,0.64157,2015,0.61417
149,United Kingdom,Western Europe,6.867,21,1.26637,0.90943,0.59625,2015,0.67933
150,United States,North America,7.119,15,1.39451,0.86179,0.54604,2015,0.8411
151,Uruguay,Latin America and Caribbean,6.485,32,1.06166,0.8116,0.60362,2015,0.75442
152,Uzbekistan,Central and Eastern Europe,6.003,44,0.63244,0.59772,0.65821,2015,0.69174
153,Venezuela,Latin America and Caribbean,6.81,23,1.04424,0.72052,0.42908,2015,0.88931
154,Vietnam,Southeastern Asia,5.36,75,0.63216,0.74676,0.59444,2015,0.89559
155,Yemen,Middle East and Northern Africa,4.077,136,0.54649,0.40064,0.35571,2015,0.92146
156,Zambia,Sub-Saharan Africa,5.129,85,0.47038,0.29924,0.48827,2015,0.87532
157,Zimbabwe,Sub-Saharan Africa,4.61,115,0.271,0.33475,0.25861,2015,0.91921
158,Afghanistan,Southern Asia,3.36,154,0.38227,0.17344,0.1643,2016,0.92888
159,Albania,Central and Eastern Europe,4.655,109,0.9553,0.73007,0.31866,2016,0.94699
160,Algeria,Middle East and Northern Africa,6.355,38,1.05266,0.61804,0.21006,2016,0.83843
161,Angola,Sub-Saharan Africa,3.866,141,0.84731,0.04991,0.00589,2016,0.91566
162,Argentina,Latin America and Caribbean,6.65,26,1.15137,0.69711,0.42284,2016,0.92704
163,Armenia,Central and Eastern Europe,4.36,121,0.86086,0.64083,0.14037,2016,0.96384
164,Australia,Australia and New Zealand,7.313,9,1.44443,0.8512,0.56837,2016,0.67669
165,Austria,Western Europe,7.119,12,1.45038,0.80565,0.54355,2016,0.78652
166,Azerbaijan,Central and Eastern Europe,5.291,81,1.12373,0.54504,0.35327,2016,0.82086
167,Bahrain,Middle East and Northern Africa,6.218,42,1.44024,0.65696,0.47375,2016,0.74228
168,Bangladesh,Southern Asia,4.643,110,0.54177,0.52989,0.39778,2016,0.87417
169,Belarus,Central and Eastern Europe,5.802,61,1.13062,0.63104,0.29091,2016,0.82543
170,Belgium,Western Europe,6.929,18,1.42539,0.81959,0.51354,2016,0.73752
171,Belize,Latin America and Caribbean,5.956,52,0.87616,0.45569,0.51231,2016,0.89229
172,Benin,Sub-Saharan Africa,3.484,153,0.39499,0.21028,0.39747,2016,0.93319
173,Bhutan,Southern Asia,5.196,84,0.8527,0.49759,0.46074,2016,0.8384
174,Bolivia,Latin America and Caribbean,5.822,59,0.79422,0.4697,0.50961,2016,0.92254
175,Bosnia and Herzegovina,Central and Eastern Europe,5.163,87,0.93383,0.70766,0.09511,2016,1.0
176,Botswana,Sub-Saharan Africa,3.974,137,1.09426,0.34752,0.44089,2016,0.89231
177,Brazil,Latin America and Caribbean,6.952,17,1.08754,0.61415,0.40425,2016,0.85834
178,Bulgaria,Central and Eastern Europe,4.217,129,1.11306,0.67806,0.21219,2016,0.99385
179,Burkina Faso,Sub-Saharan Africa,3.739,145,0.31995,0.21297,0.3337,2016,0.8746700000000001
180,Burundi,Sub-Saharan Africa,2.905,157,0.06831,0.15747,0.0432,2016,0.90581
181,Cambodia,Southeastern Asia,3.907,140,0.55604,0.42494,0.58852,2016,0.91908
182,Cameroon,Sub-Saharan Africa,4.513,114,0.52497,0.12698,0.42736,2016,0.93874
183,Canada,North America,7.404,6,1.44015,0.8276,0.5737,2016,0.6867099999999999
184,Chad,Sub-Saharan Africa,3.763,144,0.42214,0.03824,0.12807,2016,0.95048
185,Chile,Latin America and Caribbean,6.705,24,1.2167,0.81883,0.37789,2016,0.88549
186,China,Eastern Asia,5.245,83,1.0278,0.73561,0.44012,2016,0.97255
187,Colombia,Latin America and Caribbean,6.481,31,1.03032,0.59659,0.44735,2016,0.94601
188,Comoros,Sub-Saharan Africa,3.956,138,0.27509,0.29981,0.15412,2016,0.81563
189,Congo (Brazzaville),Sub-Saharan Africa,4.236,127,0.77109,0.28212,0.37938,2016,0.90247
190,Congo (Kinshasa),Sub-Saharan Africa,4.272,125,0.05661,0.188,0.15602,2016,0.93925
191,Costa Rica,Latin America and Caribbean,7.087,14,1.06879,0.76146,0.55225,2016,0.89453
192,Croatia,Central and Eastern Europe,5.488,74,1.18649,0.70524,0.23907,2016,0.95998
193,Cyprus,Western Europe,5.546,69,1.31857,0.8488,0.29507,2016,0.94772
194,Czech Republic,Central and Eastern Europe,6.596,27,1.30915,0.76376,0.41418,2016,0.96014
195,Denmark,Western Europe,7.526,1,1.44178,0.79504,0.57941,2016,0.55547
196,Dominican Republic,Latin America and Caribbean,5.155,89,1.02787,0.57669,0.52259,2016,0.87628
197,Ecuador,Latin America and Caribbean,5.976,51,0.97306,0.68613,0.4027,2016,0.81963
198,Egypt,Middle East and Northern Africa,4.362,120,0.95395,0.52116,0.18847,2016,0.89607
199,El Salvador,Latin America and Caribbean,6.068,46,0.8737,0.596,0.37269,2016,0.8938699999999999
200,Estonia,Central and Eastern Europe,5.517,72,1.27964,0.68098,0.41511,2016,0.81481
201,Ethiopia,Sub-Saharan Africa,4.508,115,0.29283,0.34578,0.36703,2016,0.8283
202,Finland,Western Europe,7.413,5,1.40598,0.81091,0.57104,2016,0.58996
203,France,Western Europe,6.478,32,1.39488,0.83795,0.46562,2016,0.82192
204,Gabon,Sub-Saharan Africa,4.121,134,1.15851,0.3494,0.28098,2016,0.90686
205,Georgia,Central and Eastern Europe,4.252,126,0.83792,0.64035,0.32461,2016,0.6812
206,Germany,Western Europe,6.994,16,1.44787,0.81487,0.53466,2016,0.7144900000000001
207,Ghana,Sub-Saharan Africa,4.276,124,0.63107,0.29681,0.40973,2016,0.9674
208,Greece,Western Europe,5.033,99,1.24886,0.80029,0.05822,2016,0.95873
209,Guatemala,Latin America and Caribbean,6.324,39,0.83454,0.54039,0.50379,2016,0.91299
210,Guinea,Sub-Saharan Africa,3.607,151,0.22415,0.18829,0.30953,2016,0.8808
211,Haiti,Latin America and Caribbean,4.028,136,0.34097,0.27494,0.12072,2016,0.85524
212,Honduras,Latin America and Caribbean,4.871,104,0.69429,0.58383,0.26755,2016,0.93094
213,Hong Kong,Eastern Asia,5.458,75,1.5107,0.95277,0.48079,2016,0.68353
214,Hungary,Central and Eastern Europe,5.145,91,1.24142,0.67608,0.1977,2016,0.95528
215,Iceland,Western Europe,7.501,3,1.42666,0.86733,0.56624,2016,0.85025
216,India,Southern Asia,4.404,118,0.74036,0.45091,0.40285,2016,0.91278
217,Indonesia,Southeastern Asia,5.314,79,0.95104,0.49374,0.39237,2016,0.99678
218,Iran,Middle East and Northern Africa,4.813,105,1.11758,0.64232,0.22544,2016,0.9443
219,Iraq,Middle East and Northern Africa,4.575,112,1.07474,0.51076,0.24856,2016,0.86364
220,Ireland,Western Europe,6.907,19,1.48341,0.81455,0.54008,2016,0.70246
221,Israel,Middle East and Northern Africa,7.267,11,1.33766,0.84917,0.36432,2016,0.91272
222,Italy,Western Europe,5.977,50,1.35495,0.85102,0.18827,2016,0.97444
223,Ivory Coast,Sub-Saharan Africa,3.916,139,0.55507,0.04476,0.40663,2016,0.8447
224,Jamaica,Latin America and Caribbean,5.51,73,0.89333,0.59469,0.43597,2016,0.95706
225,Japan,Eastern Asia,5.921,53,1.38007,0.91491,0.46761,2016,0.81015
226,Jordan,Middle East and Northern Africa,5.303,80,0.99673,0.60712,0.36023,2016,0.86703
227,Kazakhstan,Central and Eastern Europe,5.919,54,1.22943,0.57386,0.4052,2016,0.88868
228,Kenya,Sub-Saharan Africa,4.356,122,0.52267,0.30147,0.40576,2016,0.93314
229,Kosovo,Central and Eastern Europe,5.401,77,0.90145,0.54,0.14396,2016,0.93453
230,Kuwait,Middle East and Northern Africa,6.239,41,1.61714,0.63569,0.43166,2016,0.7633099999999999
231,Kyrgyzstan,Central and Eastern Europe,5.185,85,0.56044,0.55449,0.40212,2016,0.95238
232,Laos,Southeastern Asia,4.876,102,0.68042,0.38291,0.52168,2016,0.77577
233,Latvia,Central and Eastern Europe,5.56,68,1.21788,0.63952,0.27996,2016,0.9111
234,Lebanon,Middle East and Northern Africa,5.129,93,1.12268,0.76171,0.26228,2016,0.96939
235,Liberia,Sub-Saharan Africa,3.622,150,0.10706,0.23165,0.25748,2016,0.95148
236,Libya,Middle East and Northern Africa,5.615,67,1.06688,0.52304,0.40672,2016,0.89661
237,Lithuania,Central and Eastern Europe,5.813,60,1.2692,0.64674,0.18929,2016,0.9818
238,Luxembourg,Western Europe,6.871,20,1.69752,0.84542,0.5487,2016,0.64671
239,Macedonia,Central and Eastern Europe,5.121,95,1.0193,0.64738,0.27668,2016,0.92953
240,Madagascar,Sub-Saharan Africa,3.695,148,0.27954,0.37109,0.13684,2016,0.92494
241,Malawi,Sub-Saharan Africa,4.156,132,0.08709,0.29364,0.4143,2016,0.92436
242,Malaysia,Southeastern Asia,6.005,47,1.25142,0.62366,0.39031,2016,0.9091899999999999
243,Mali,Sub-Saharan Africa,4.073,135,0.31292,0.16347,0.27544,2016,0.86353
244,Malta,Western Europe,6.488,30,1.30782,0.80315,0.54994,2016,0.82446
245,Mauritania,Sub-Saharan Africa,4.201,130,0.61391,0.28639,0.1268,2016,0.82045
246,Mauritius,Sub-Saharan Africa,5.648,66,1.14372,0.66189,0.46145,2016,0.94797
247,Mexico,Latin America and Caribbean,6.778,21,1.11508,0.71143,0.37709,2016,0.81645
248,Moldova,Central and Eastern Europe,5.897,55,0.69177,0.52309,0.25202,2016,0.98097
249,Mongolia,Eastern Asia,4.907,101,0.98853,0.55469,0.35972,2016,0.96715
250,Montenegro,Central and Eastern Europe,5.161,88,1.07838,0.63533,0.15111,2016,0.87279
251,Morocco,Middle East and Northern Africa,5.151,90,0.84058,0.59471,0.25646,2016,0.91596
252,Myanmar,Southeastern Asia,4.395,119,0.34112,0.3988,0.42692,2016,0.79757
253,Namibia,Sub-Saharan Africa,4.574,113,0.93287,0.34745,0.48614,2016,0.89602
254,Nepal,Southern Asia,4.793,107,0.44626,0.50073,0.37012,2016,0.92992
255,Netherlands,Western Europe,7.339,7,1.46468,0.81231,0.55211,2016,0.7007300000000001
256,New Zealand,Australia and New Zealand,7.334,8,1.36066,0.83096,0.58147,2016,0.5809599999999999
257,Nicaragua,Latin America and Caribbean,5.992,48,0.69384,0.65213,0.46582,2016,0.83708
258,Niger,Sub-Saharan Africa,3.856,142,0.1327,0.26162,0.38041,2016,0.82824
259,Nigeria,Sub-Saharan Africa,4.875,103,0.75216,0.05108,0.27854,2016,0.9695
260,North Cyprus,Western Europe,5.771,62,1.31141,0.84142,0.43596,2016,0.83422
261,Norway,Western Europe,7.498,4,1.57744,0.79579,0.59609,2016,0.6422399999999999
262,Pakistan,Southern Asia,5.132,92,0.68816,0.40306,0.14622,2016,0.8612
263,Palestinian Territories,Middle East and Northern Africa,4.754,108,0.67024,0.56844,0.17744,2016,0.8938699999999999
264,Panama,Latin America and Caribbean,6.701,25,1.18306,0.70835,0.48927,2016,0.91577
265,Paraguay,Latin America and Caribbean,5.538,70,0.89373,0.58295,0.46235,2016,0.92604
266,Peru,Latin America and Caribbean,5.743,64,0.99602,0.62994,0.37502,2016,0.94708
267,Philippines,Southeastern Asia,5.279,82,0.81217,0.47036,0.54854,2016,0.88243
268,Poland,Central and Eastern Europe,5.835,57,1.24585,0.69058,0.4519,2016,0.945
269,Portugal,Western Europe,5.123,94,1.27607,0.79363,0.44727,2016,0.98479
270,Puerto Rico,Latin America and Caribbean,7.039,15,1.35943,0.77758,0.46823,2016,0.87725
271,Qatar,Middle East and Northern Africa,6.375,36,1.82427,0.71723,0.56679,2016,0.51951
272,Romania,Central and Eastern Europe,5.528,71,1.1697,0.67602,0.36712,2016,0.99321
273,Russia,Central and Eastern Europe,5.856,56,1.23228,0.58991,0.32682,2016,0.96414
274,Rwanda,Sub-Saharan Africa,3.515,152,0.32846,0.31865,0.5432,2016,0.49478999999999995
275,Saudi Arabia,Middle East and Northern Africa,6.379,34,1.48953,0.59267,0.37904,2016,0.69992
276,Senegal,Sub-Saharan Africa,4.219,128,0.44314,0.40457,0.31056,2016,0.88319
277,Serbia,Central and Eastern Europe,5.177,86,1.03437,0.6458,0.15718,2016,0.95661
278,Sierra Leone,Sub-Saharan Africa,4.635,111,0.36485,0.0,0.30685,2016,0.91804
279,Singapore,Southeastern Asia,6.739,22,1.64555,0.94719,0.4877,2016,0.53013
280,Slovakia,Central and Eastern Europe,6.078,45,1.27973,0.70367,0.23391,2016,0.97053
281,Slovenia,Central and Eastern Europe,5.768,63,1.29947,0.79151,0.53164,2016,0.96365
282,Somalia,Sub-Saharan Africa,5.44,76,0.0,0.11466,0.56778,2016,0.6881999999999999
283,Somaliland Region,Sub-Saharan Africa,5.057,97,0.25558,0.33108,0.3913,2016,0.6320600000000001
284,South Africa,Sub-Saharan Africa,4.459,116,1.02416,0.18611,0.42483,2016,0.91585
285,South Korea,Eastern Asia,5.835,57,1.35948,0.88645,0.25168,2016,0.92284
286,South Sudan,Sub-Saharan Africa,3.832,143,0.39394,0.15781,0.19662,2016,0.86985
287,Spain,Western Europe,6.361,37,1.34253,0.87896,0.37545,2016,0.93863
288,Sri Lanka,Southern Asia,4.415,117,0.97318,0.62007,0.50817,2016,0.92036
289,Sudan,Sub-Saharan Africa,4.139,133,0.63069,0.29759,0.0,2016,0.89961
290,Suriname,Latin America and Caribbean,6.269,40,1.09686,0.50933,0.52234,2016,0.87308
291,Sweden,Western Europe,7.291,10,1.45181,0.83121,0.58218,2016,0.59133
292,Switzerland,Western Europe,7.509,2,1.52733,0.86303,0.58557,2016,0.58797
293,Syria,Middle East and Northern Africa,3.069,156,0.74719,0.62994,0.06912,2016,0.82767
294,Taiwan,Eastern Asia,6.379,34,1.39729,0.79565,0.32377,2016,0.9337
295,Tajikistan,Central and Eastern Europe,4.996,100,0.48835,0.53119,0.43408,2016,0.8649100000000001
296,Tanzania,Sub-Saharan Africa,3.666,149,0.47155,0.357,0.3176,2016,0.94901
297,Thailand,Southeastern Asia,6.474,33,1.0893,0.64915,0.49553,2016,0.97167
298,Togo,Sub-Saharan Africa,3.303,155,0.28123,0.24811,0.34678,2016,0.88413
299,Trinidad and Tobago,Latin America and Caribbean,6.168,43,1.32572,0.52608,0.48453,2016,0.98759
300,Tunisia,Middle East and Northern Africa,5.045,98,0.97724,0.59577,0.23553,2016,0.9183
301,Turkey,Middle East and Northern Africa,5.389,78,1.16492,0.64718,0.23889,2016,0.87652
302,Turkmenistan,Central and Eastern Europe,5.658,65,1.08017,0.44006,0.37408,2016,0.71533
303,Uganda,Sub-Saharan Africa,3.739,145,0.34719,0.19625,0.43653,2016,0.93558
304,Ukraine,Central and Eastern Europe,4.324,123,0.87287,0.58628,0.12859,2016,0.98171
305,United Arab Emirates,Middle East and Northern Africa,6.573,28,1.57352,0.72993,0.56215,2016,0.64439
306,United Kingdom,Western Europe,6.725,23,1.40283,0.80991,0.50036,2016,0.72601
307,United States,North America,7.104,13,1.50796,0.779,0.48163,2016,0.85132
308,Uruguay,Latin America and Caribbean,6.545,29,1.18157,0.72183,0.54388,2016,0.78606
309,Uzbekistan,Central and Eastern Europe,5.987,49,0.73591,0.50163,0.60848,2016,0.7166699999999999
310,Venezuela,Latin America and Caribbean,6.084,44,1.13367,0.61904,0.19847,2016,0.91696
311,Vietnam,Southeastern Asia,5.061,96,0.74037,0.66157,0.55954,2016,0.88444
312,Yemen,Middle East and Northern Africa,3.724,147,0.57939,0.31048,0.2287,2016,0.94108
313,Zambia,Sub-Saharan Africa,4.795,106,0.61202,0.23573,0.42662,2016,0.88521
314,Zimbabwe,Sub-Saharan Africa,4.193,131,0.35041,0.1595,0.25429,2016,0.91418
315,Afghanistan,Southern Asia,3.79399991035461,141,0.401477217674255,0.180746778845787,0.106179520487785,2017,0.9388421699404716
316,Albania,Central and Eastern Europe,4.64400005340576,109,0.996192753314972,0.731159746646881,0.381498634815216,2017,0.9601357840001583
317,Algeria,Middle East and Northern Africa,5.87200021743774,53,1.09186446666718,0.617584645748138,0.233335807919502,2017,0.853903889656067
318,Angola,Sub-Saharan Africa,3.79500007629395,140,0.858428180217743,0.0498686656355858,0.0,2017,0.9302796646952629
319,Argentina,Latin America and Caribbean,6.59899997711182,24,1.18529546260834,0.695137083530426,0.494519203901291,2017,0.940260112285614
320,Armenia,Central and Eastern Europe,4.37599992752075,121,0.900596737861633,0.637524425983429,0.198303267359734,2017,0.9733255784958601
321,Australia,Australia and New Zealand,7.28399991989136,10,1.484414935112,0.84388679265976,0.601607382297516,2017,0.698816269636154
322,Austria,Western Europe,7.00600004196167,13,1.48709726333618,0.815328419208527,0.567766189575195,2017,0.778939634561539
323,Azerbaijan,Central and Eastern Europe,5.23400020599365,85,1.15360176563263,0.540775775909424,0.398155838251114,2017,0.819012492895126
324,Bahrain,Middle East and Northern Africa,6.08699989318848,41,1.48841226100922,0.653133034706116,0.536746919155121,2017,0.7429578304290769
325,Bangladesh,Southern Asia,4.60799980163574,110,0.586682975292206,0.533241033554077,0.478356659412384,2017,0.876282140612602
326,Belarus,Central and Eastern Europe,5.56899976730347,67,1.15655755996704,0.637714266777039,0.295400261878967,2017,0.843686178326607
327,Belgium,Western Europe,6.89099979400635,17,1.46378076076508,0.818091869354248,0.539770722389221,2017,0.748656868934631
328,Belize,,5.95599985122681,50,0.907975316047668,0.450191766023636,0.547509372234344,2017,0.9034189283847809
329,Benin,Sub-Saharan Africa,3.65700006484985,143,0.431085407733917,0.209930211305618,0.425962775945663,2017,0.9390709847211838
330,Bhutan,Southern Asia,5.01100015640259,97,0.885416388511658,0.495879292488098,0.501537680625916,2017,0.826619610190392
331,Bolivia,Latin America and Caribbean,5.82299995422363,58,0.833756566047668,0.473630249500275,0.558732926845551,2017,0.93952227383852
332,Bosnia and Herzegovina,Central and Eastern Europe,5.18200016021729,90,0.982409417629242,0.705186307430267,0.204403176903725,2017,1.0
333,Botswana,Sub-Saharan Africa,3.76600003242493,142,1.12209415435791,0.341755509376526,0.505196332931519,2017,0.9014168009161949
334,Brazil,Latin America and Caribbean,6.63500022888184,22,1.10735321044922,0.616552352905273,0.437453746795654,2017,0.888907238841057
335,Bulgaria,Central and Eastern Europe,4.71400022506714,105,1.1614590883255,0.708217680454254,0.289231717586517,2017,0.9889484690502286
336,Burkina Faso,Sub-Saharan Africa,4.03200006484985,134,0.3502277135849,0.215844258666039,0.324367851018906,2017,0.879671894013882
337,Burundi,Sub-Saharan Africa,2.90499997138977,154,0.091622568666935,0.151610791683197,0.0599007532000542,2017,0.9158520549535751
338,Cambodia,Southeastern Asia,4.16800022125244,129,0.601765096187592,0.429783403873444,0.633375823497772,2017,0.9318940490484238
339,Cameroon,Sub-Saharan Africa,4.69500017166138,107,0.564305365085602,0.132892116904259,0.430388748645782,2017,0.9486933685839176
340,Canada,North America,7.31599998474121,7,1.47920441627502,0.83455765247345,0.611100912094116,2017,0.712628483772278
341,Central African Republic,Sub-Saharan Africa,2.69300007820129,155,0.0,0.0187726859003305,0.270842045545578,2017,0.9434349238872528
342,Chad,Sub-Saharan Africa,3.93600010871887,137,0.438012987375259,0.0411347150802612,0.16234202682972,2017,0.9464181177318096
343,Chile,Latin America and Caribbean,6.65199995040894,20,1.25278460979462,0.819479703903198,0.376895278692245,2017,0.9177120178937912
344,China,Eastern Asia,5.27299976348877,79,1.08116579055786,0.741415500640869,0.472787708044052,2017,0.9772057253867388
345,Colombia,Latin America and Caribbean,6.35699987411499,36,1.07062232494354,0.595027923583984,0.477487415075302,2017,0.9533312581479549
346,Congo (Brazzaville),Sub-Saharan Africa,4.29099988937378,124,0.808964252471924,0.28995743393898,0.435025870800018,2017,0.9203818663954735
347,Congo (Kinshasa),Sub-Saharan Africa,4.28000020980835,126,0.0921023488044739,0.191407024860382,0.235961347818375,2017,0.9397586435079575
348,Costa Rica,Latin America and Caribbean,7.0789999961853,12,1.10970628261566,0.759509265422821,0.580131649971008,2017,0.899893410503864
349,Croatia,Central and Eastern Europe,5.29300022125244,77,1.22255623340607,0.701288521289825,0.255772292613983,2017,0.9568968899548054
350,Cyprus,Western Europe,5.62099981307983,65,1.35593807697296,0.84471470117569,0.355111539363861,2017,0.9587620235979557
351,Czech Republic,Central and Eastern Europe,6.60900020599365,23,1.35268235206604,0.754444003105164,0.490946173667908,2017,0.9631270729005337
352,Denmark,Western Europe,7.52199983596802,2,1.48238301277161,0.792565524578094,0.626006722450256,2017,0.59922993183136
353,Dominican Republic,Latin America and Caribbean,5.23000001907349,86,1.07937383651733,0.574873745441437,0.55258983373642,2017,0.886054746806622
354,Ecuador,Latin America and Caribbean,6.00799989700317,44,1.00082039833069,0.685636222362518,0.4551981985569,2017,0.859865352511406
355,Egypt,Middle East and Northern Africa,4.7350001335144,104,0.989701807498932,0.520187258720398,0.282110154628754,2017,0.885618634521961
356,El Salvador,Latin America and Caribbean,6.00299978256226,45,0.909784495830536,0.596018552780151,0.432452529668808,2017,0.910019040107727
357,Estonia,Central and Eastern Europe,5.61100006103516,66,1.32087934017181,0.695168316364288,0.479131430387497,2017,0.816751077771187
358,Ethiopia,Sub-Saharan Africa,4.46000003814697,119,0.339233845472336,0.353409707546234,0.408842742443085,2017,0.834544286131859
359,Finland,Western Europe,7.4689998626709,5,1.44357192516327,0.80915766954422,0.617950856685638,2017,0.61738845705986
360,France,Western Europe,6.44199991226196,31,1.43092346191406,0.844465851783752,0.470222115516663,2017,0.827497571706772
361,Gabon,Sub-Saharan Africa,4.46500015258789,118,1.1982102394104,0.356578588485718,0.312328577041626,2017,0.9239532127976418
362,Georgia,Central and Eastern Europe,4.28599977493286,125,0.950612664222717,0.649546980857849,0.309410035610199,2017,0.748333364725113
363,Germany,Western Europe,6.95100021362305,16,1.48792338371277,0.798950731754303,0.562511384487152,2017,0.723268061876297
364,Ghana,Sub-Saharan Africa,4.11999988555908,131,0.667224824428558,0.295637726783752,0.423026293516159,2017,0.9746636301279068
365,Greece,Western Europe,5.22700023651123,87,1.28948748111725,0.810198903083801,0.0957312509417534,2017,0.95671022310853
366,Guatemala,Latin America and Caribbean,6.4539999961853,29,0.872001945972443,0.540239989757538,0.531310617923737,2017,0.9227767214179039
367,Guinea,Sub-Saharan Africa,3.50699996948242,149,0.244549930095673,0.194129139184952,0.348587512969971,2017,0.889062382280827
368,Haiti,Latin America and Caribbean,3.6029999256134,145,0.368610262870789,0.277321130037308,0.0303698573261499,2017,0.9001278504729271
369,Honduras,Latin America and Caribbean,5.18100023269653,91,0.730573117733002,0.582569479942322,0.348079860210419,2017,0.9266545474529266
370,"Hong Kong S.A.R., China",,5.47200012207031,71,1.55167484283447,0.943062424659729,0.490968644618988,2017,0.706066250801086
371,Hungary,Central and Eastern Europe,5.32399988174438,75,1.2860119342804,0.687763452529907,0.175863519310951,2017,0.9633630625903606
372,Iceland,Western Europe,7.50400018692017,3,1.480633020401,0.833552122116089,0.627162635326385,2017,0.846473440527916
373,India,Southern Asia,4.31500005722046,122,0.792221248149872,0.455427616834641,0.469987004995346,2017,0.9077731147408485
374,Indonesia,Southeastern Asia,5.26200008392334,81,0.995538592338562,0.492345720529556,0.443323463201523,2017,0.9846828645095229
375,Iran,Middle East and Northern Africa,4.69199991226196,108,1.15687310695648,0.639333188533783,0.249322608113289,2017,0.951238926500082
376,Iraq,Middle East and Northern Africa,4.49700021743774,117,1.10271048545837,0.501180469989777,0.288555532693863,2017,0.892784245312214
377,Ireland,Western Europe,6.97700023651123,15,1.53570663928986,0.80978262424469,0.573110342025757,2017,0.70161184668541
378,Israel,Middle East and Northern Africa,7.21299982070923,11,1.37538242340088,0.83840399980545,0.405988603830338,2017,0.9147578999400139
379,Italy,Western Europe,5.96400022506714,48,1.39506661891937,0.853144347667694,0.256450712680817,2017,0.9719719085842371
380,Ivory Coast,Sub-Saharan Africa,4.17999982833862,128,0.603048920631409,0.0486421696841717,0.447706192731857,2017,0.869938224554062
381,Jamaica,Latin America and Caribbean,5.31099987030029,76,0.925579309463501,0.641022384166718,0.474307239055634,2017,0.9447322189807892
382,Japan,Eastern Asia,5.92000007629395,51,1.41691517829895,0.913475871086121,0.505625545978546,2017,0.836239263415337
383,Jordan,Middle East and Northern Africa,5.33599996566772,74,0.991012394428253,0.604590058326721,0.418421149253845,2017,0.88019672781229
384,Kazakhstan,Central and Eastern Europe,5.81899976730347,60,1.28455626964569,0.606041550636292,0.437454283237457,2017,0.880717113614082
385,Kenya,Sub-Saharan Africa,4.55299997329712,112,0.560479462146759,0.309988349676132,0.452763766050339,2017,0.9353586807847023
386,Kosovo,Central and Eastern Europe,5.27899980545044,78,0.951484382152557,0.541452050209045,0.260287940502167,2017,0.9425283819437027
387,Kuwait,Middle East and Northern Africa,6.10500001907349,39,1.63295245170593,0.632105708122253,0.496337592601776,2017,0.784840449690819
388,Kyrgyzstan,Central and Eastern Europe,5.00400018692017,98,0.596220076084137,0.553457796573639,0.454943388700485,2017,0.9605608209967613
389,Latvia,Central and Eastern Europe,5.84999990463257,54,1.26074862480164,0.638566970825195,0.325707912445068,2017,0.9261572733521461
390,Lebanon,Middle East and Northern Africa,5.22499990463257,88,1.07498753070831,0.735081076622009,0.288515985012054,2017,0.962486170232296
391,Lesotho,Sub-Saharan Africa,3.80800008773804,139,0.521021246910095,0.0,0.390661299228668,2017,0.880905359983444
392,Liberia,Sub-Saharan Africa,3.53299999237061,148,0.119041793048382,0.229918196797371,0.332881182432175,2017,0.9610517509281635
393,Libya,Middle East and Northern Africa,5.52500009536743,68,1.10180306434631,0.520169019699097,0.465733230113983,2017,0.9073897898197174
394,Lithuania,Central and Eastern Europe,5.90199995040894,52,1.31458234786987,0.62894994020462,0.234231784939766,2017,0.9881343571469188
395,Luxembourg,Western Europe,6.86299991607666,18,1.74194359779358,0.845089495182037,0.59662789106369,2017,0.68116557598114
396,Macedonia,Central and Eastern Europe,5.17500019073486,92,1.06457793712616,0.644948184490204,0.325905978679657,2017,0.9397222064435482
397,Madagascar,Sub-Saharan Africa,3.64400005340576,144,0.305808693170547,0.375223308801651,0.189196765422821,2017,0.9327680245041847
398,Malawi,Sub-Saharan Africa,3.97000002861023,136,0.233442038297653,0.315089583396912,0.466914653778076,2017,0.9272883459925652
399,Malaysia,Southeastern Asia,6.08400011062622,42,1.29121541976929,0.618784427642822,0.402264982461929,2017,0.9343992918729782
400,Mali,Sub-Saharan Africa,4.19000005722046,127,0.476180493831635,0.169365674257278,0.306613743305206,2017,0.895029753446579
401,Malta,Western Europe,6.52699995040894,27,1.34327983856201,0.821944236755371,0.588767051696777,2017,0.846933931112289
402,Mauritania,Sub-Saharan Africa,4.29199981689453,123,0.648457288742065,0.285349279642105,0.0960980430245399,2017,0.863042995333672
403,Mauritius,Sub-Saharan Africa,5.62900018692017,64,1.18939554691315,0.638007462024689,0.491247326135635,2017,0.9578184448182583
404,Mexico,Latin America and Caribbean,6.57800006866455,25,1.15318381786346,0.709978997707367,0.412730008363724,2017,0.867225885391235
405,Moldova,Central and Eastern Europe,5.83799982070923,56,0.728870630264282,0.589465200901031,0.240729048848152,2017,0.9899087138473988
406,Mongolia,Eastern Asia,4.95499992370605,100,1.02723586559296,0.557783484458923,0.394143968820572,2017,0.9670977108180523
407,Montenegro,Central and Eastern Europe,5.23699998855591,83,1.12112903594971,0.667464673519135,0.194989055395126,2017,0.9118258059024811
408,Morocco,Middle East and Northern Africa,5.2350001335144,84,0.878114581108093,0.59771066904068,0.408158332109451,2017,0.9122368171811104
409,Mozambique,Sub-Saharan Africa,4.55000019073486,113,0.234305649995804,0.106654435396194,0.480791091918945,2017,0.8205636143684389
410,Myanmar,Southeastern Asia,4.54500007629395,114,0.367110550403595,0.397522568702698,0.514492034912109,2017,0.811183795332909
411,Namibia,,4.57399988174438,111,0.964434325695038,0.33861181139946,0.520303547382355,2017,0.9068530276417732
412,Nepal,Southern Asia,4.96199989318848,99,0.479820191860199,0.504130780696869,0.440305948257446,2017,0.9270244538784027
413,Netherlands,Western Europe,7.3769998550415,6,1.50394463539124,0.810696125030518,0.585384488105774,2017,0.7173381745815279
414,New Zealand,Australia and New Zealand,7.31400012969971,8,1.40570604801178,0.816759705543518,0.614062130451202,2017,0.617183297872543
415,Nicaragua,Latin America and Caribbean,6.07100009918213,43,0.737299203872681,0.653095960617065,0.447551846504211,2017,0.869312018156052
416,Niger,Sub-Saharan Africa,4.02799987792969,135,0.161925330758095,0.26850500702858,0.36365869641304,2017,0.861427053809166
417,Nigeria,Sub-Saharan Africa,5.07399988174438,95,0.783756256103516,0.0569157302379608,0.394952565431595,2017,0.9738784339278936
418,North Cyprus,Western Europe,5.80999994277954,61,1.3469113111496,0.834647238254547,0.471203625202179,2017,0.844646647572517
419,Norway,Western Europe,7.53700017929077,1,1.61646318435669,0.796666502952576,0.635422587394714,2017,0.684036165475845
420,Pakistan,Southern Asia,5.26900005340576,80,0.72688353061676,0.402047783136368,0.23521526157856,2017,0.875651933252811
421,Palestinian Territories,Middle East and Northern Africa,4.77500009536743,103,0.716249227523804,0.565666973590851,0.25471106171608,2017,0.9107173979282379
422,Panama,Latin America and Caribbean,6.4520001411438,30,1.23374843597412,0.706156134605408,0.550026834011078,2017,0.929016076028347
423,Paraguay,Latin America and Caribbean,5.49300003051758,70,0.932537317276001,0.579250693321228,0.473507791757584,2017,0.908934086561203
424,Peru,Latin America and Caribbean,5.71500015258789,63,1.03522527217865,0.630166113376617,0.450002878904343,2017,0.9529509134590626
425,Philippines,Southeastern Asia,5.42999982833862,72,0.85769921541214,0.468009054660797,0.585214674472809,2017,0.9006681069731712
426,Poland,Central and Eastern Europe,5.97300004959106,46,1.29178786277771,0.699475347995758,0.520342111587524,2017,0.9406921938061714
427,Portugal,Western Europe,5.19500017166138,89,1.3151752948761,0.795843541622162,0.498465299606323,2017,0.9841305483132601
428,Qatar,Middle East and Northern Africa,6.375,35,1.87076568603516,0.710098087787628,0.604130983352661,2017,0.560700744390488
429,Romania,Central and Eastern Europe,5.82499980926514,57,1.21768391132355,0.685158312320709,0.457003742456436,2017,0.99561209930107
430,Russia,Central and Eastern Europe,5.96299982070923,49,1.28177809715271,0.547349333763123,0.373783111572266,2017,0.9670371189713478
431,Rwanda,Sub-Saharan Africa,3.47099995613098,151,0.368745893239975,0.326424807310104,0.581843852996826,2017,0.544779986143112
432,Saudi Arabia,Middle East and Northern Africa,6.3439998626709,37,1.53062355518341,0.590148329734802,0.449750572443008,2017,0.72656774520874
433,Senegal,Sub-Saharan Africa,4.53499984741211,115,0.479309022426605,0.409362852573395,0.377922266721725,2017,0.884539552032948
434,Serbia,Central and Eastern Europe,5.39499998092651,73,1.06931757926941,0.65078467130661,0.208715528249741,2017,0.9590962193906307
435,Sierra Leone,Sub-Saharan Africa,4.70900011062622,106,0.36842092871666,0.0055647538974881,0.318697690963745,2017,0.9289048239588737
436,Singapore,Southeastern Asia,6.57200002670288,26,1.69227766990662,0.949492394924164,0.549840569496155,2017,0.53569221496582
437,Slovakia,Central and Eastern Europe,6.09800004959106,40,1.32539355754852,0.712732911109924,0.295817464590073,2017,0.9757891483604908
438,Slovenia,Central and Eastern Europe,5.75799989700317,62,1.3412059545517,0.790828227996826,0.572575807571411,2017,0.9548710212111473
439,Somalia,,5.15100002288818,93,0.0226431842893362,0.113989137113094,0.602126955986023,2017,0.717589676380157
440,South Africa,Sub-Saharan Africa,4.8289999961853,101,1.05469870567322,0.187080070376396,0.479246735572815,2017,0.9274905025959015
441,South Korea,Eastern Asia,5.83799982070923,55,1.40167844295502,0.900214076042175,0.257921665906906,2017,0.9367173314094543
442,South Sudan,,3.59100008010864,147,0.39724862575531,0.163486003875732,0.147062435746193,2017,0.883206486701965
443,Spain,Western Europe,6.40299987792969,34,1.38439786434174,0.888960599899292,0.408781230449677,2017,0.9290859028697014
444,Sri Lanka,Southern Asia,4.44000005722046,120,1.00985014438629,0.625130832195282,0.561213254928589,2017,0.9263460338115692
445,Sudan,Sub-Saharan Africa,4.13899993896484,130,0.65951669216156,0.290920823812485,0.0149958552792668,2017,0.910152480006218
446,Sweden,Western Europe,7.28399991989136,9,1.49438726902008,0.830875158309937,0.612924098968506,2017,0.6156012713909149
447,Switzerland,Western Europe,7.49399995803833,4,1.56497955322266,0.858131289482117,0.620070576667786,2017,0.632992714643478
448,Syria,Middle East and Northern Africa,3.46199989318848,152,0.777153134346008,0.50053334236145,0.0815394446253777,2017,0.848652869462967
449,Taiwan Province of China,,6.42199993133545,33,1.43362653255463,0.793984234333038,0.361466586589813,2017,0.9361707642674446
450,Tajikistan,Central and Eastern Europe,5.04099988937378,96,0.524713635444641,0.529235124588013,0.471566706895828,2017,0.853622853755951
451,Tanzania,Sub-Saharan Africa,3.34899997711182,153,0.511135876178741,0.364509284496307,0.390017777681351,2017,0.9339648932218552
452,Thailand,Southeastern Asia,6.42399978637695,32,1.12786877155304,0.647239029407501,0.580200731754303,2017,0.9683872647583485
453,Togo,Sub-Saharan Africa,3.49499988555908,150,0.305444717407227,0.247105568647385,0.38042613863945,2017,0.9043349847197533
454,Trinidad and Tobago,Latin America and Caribbean,6.16800022125244,38,1.36135590076447,0.519983291625977,0.518630743026733,2017,0.9910351838916541
455,Tunisia,Middle East and Northern Africa,4.80499982833862,102,1.00726580619812,0.613212049007416,0.289680689573288,2017,0.9132768511772156
456,Turkey,Middle East and Northern Africa,5.5,69,1.19827437400818,0.637605607509613,0.300740599632263,2017,0.9003284201025963
457,Turkmenistan,Central and Eastern Europe,5.82200002670288,59,1.13077676296234,0.437726080417633,0.41827192902565,2017,0.740729659795761
458,Uganda,Sub-Saharan Africa,4.08099985122681,133,0.381430715322495,0.217632606625557,0.443185955286026,2017,0.942930281162262
459,Ukraine,Central and Eastern Europe,4.09600019454956,132,0.89465194940567,0.575903952121735,0.122974775731564,2017,0.9769705291837454
460,United Arab Emirates,Middle East and Northern Africa,6.64799976348877,21,1.62634336948395,0.726798236370087,0.60834527015686,2017,0.675510436296463
461,United Kingdom,Western Europe,6.71400022506714,19,1.44163393974304,0.805335938930511,0.508190035820007,2017,0.734571933746338
462,United States,North America,6.99300003051758,14,1.54625928401947,0.77428662776947,0.505740523338318,2017,0.864361211657524
463,Uruguay,Latin America and Caribbean,6.4539999961853,28,1.21755969524384,0.719216823577881,0.57939225435257,2017,0.8219381272792821
464,Uzbekistan,Central and Eastern Europe,5.97100019454956,47,0.786441087722778,0.498272627592087,0.658248662948608,2017,0.753471776843071
465,Venezuela,Latin America and Caribbean,5.25,82,1.12843120098114,0.617144227027893,0.153997123241425,2017,0.9355088770389557
466,Vietnam,Southeastern Asia,5.07399988174438,94,0.788547575473785,0.652168989181519,0.571055591106415,2017,0.9123667627573013
467,Yemen,Middle East and Northern Africa,3.59299993515015,146,0.591683447360992,0.310080915689468,0.249463722109795,2017,0.9432325772941113
468,Zambia,Sub-Saharan Africa,4.51399993896484,116,0.636406779289246,0.257835894823074,0.461603492498398,2017,0.9217864498496056
469,Zimbabwe,Sub-Saharan Africa,3.875,138,0.375846534967422,0.196763753890991,0.336384207010269,2017,0.9046246185898781
470,Afghanistan,Southern Asia,3.632,145,0.332,0.255,0.085,2018,0.036
471,Albania,Central and Eastern Europe,4.586,112,0.916,0.79,0.419,2018,0.032
472,Algeria,Middle East and Northern Africa,5.295,84,0.979,0.687,0.077,2018,0.135
473,Angola,Sub-Saharan Africa,3.795,142,0.73,0.269,0.0,2018,0.061
474,Argentina,Latin America and Caribbean,6.388,29,1.073,0.744,0.57,2018,0.054
475,Armenia,Central and Eastern Europe,4.321,129,0.816,0.666,0.26,2018,0.028
476,Australia,Australia and New Zealand,7.272,10,1.34,0.91,0.647,2018,0.302
477,Austria,Western Europe,7.139,12,1.341,0.891,0.617,2018,0.224
478,Azerbaijan,Central and Eastern Europe,5.201,87,1.024,0.603,0.43,2018,0.176
479,Bahrain,Middle East and Northern Africa,6.105,43,1.338,0.698,0.594,2018,0.123
480,Bangladesh,Southern Asia,4.5,115,0.532,0.579,0.58,2018,0.144
481,Belarus,Central and Eastern Europe,5.483,73,1.039,0.7,0.307,2018,0.154
482,Belgium,Western Europe,6.927,16,1.324,0.894,0.583,2018,0.24
483,Belize,,5.956,49,0.807,0.474,0.593,2018,0.089
484,Benin,Sub-Saharan Africa,4.141,136,0.378,0.24,0.44,2018,0.067
485,Bhutan,Southern Asia,5.082,97,0.796,0.527,0.541,2018,0.171
486,Bolivia,Latin America and Caribbean,5.752,62,0.751,0.508,0.606,2018,0.054
487,Bosnia and Herzegovina,Central and Eastern Europe,5.129,93,0.915,0.758,0.28,2018,0.0
488,Botswana,Sub-Saharan Africa,3.59,146,1.017,0.417,0.557,2018,0.092
489,Brazil,Latin America and Caribbean,6.419,28,0.986,0.675,0.493,2018,0.088
490,Bulgaria,Central and Eastern Europe,4.933,100,1.054,0.712,0.359,2018,0.009
491,Burkina Faso,Sub-Saharan Africa,4.424,121,0.314,0.254,0.312,2018,0.128
492,Burundi,Sub-Saharan Africa,2.905,156,0.091,0.145,0.065,2018,0.076
493,Cambodia,Southeastern Asia,4.433,120,0.549,0.457,0.696,2018,0.065
494,Cameroon,Sub-Saharan Africa,4.975,99,0.535,0.182,0.454,2018,0.043
495,Canada,North America,7.328,7,1.33,0.896,0.653,2018,0.291
496,Central African Republic,Sub-Saharan Africa,3.083,155,0.024,0.01,0.305,2018,0.038
497,Chad,Sub-Saharan Africa,4.301,131,0.358,0.053,0.189,2018,0.06
498,Chile,Latin America and Caribbean,6.476,25,1.131,0.808,0.431,2018,0.061
499,China,Eastern Asia,5.246,86,0.989,0.799,0.597,2018,0.103
500,Colombia,Latin America and Caribbean,6.26,37,0.96,0.635,0.531,2018,0.039
501,Congo (Brazzaville),Sub-Saharan Africa,4.559,114,0.682,0.343,0.514,2018,0.077
502,Congo (Kinshasa),Sub-Saharan Africa,4.245,132,0.069,0.204,0.312,2018,0.052
503,Costa Rica,Latin America and Caribbean,7.072,13,1.01,0.817,0.632,2018,0.101
504,Croatia,Central and Eastern Europe,5.321,82,1.115,0.737,0.38,2018,0.039
505,Cyprus,Western Europe,5.762,61,1.229,0.909,0.423,2018,0.035
506,Czech Republic,Central and Eastern Europe,6.711,21,1.233,0.854,0.543,2018,0.034
507,Denmark,Western Europe,7.555,3,1.351,0.868,0.683,2018,0.408
508,Dominican Republic,Latin America and Caribbean,5.302,83,0.982,0.614,0.578,2018,0.106
509,Ecuador,Latin America and Caribbean,5.973,48,0.889,0.736,0.556,2018,0.12
510,Egypt,Middle East and Northern Africa,4.419,122,0.885,0.553,0.312,2018,0.107
511,El Salvador,Latin America and Caribbean,6.167,40,0.806,0.639,0.461,2018,0.082
512,Estonia,Central and Eastern Europe,5.739,63,1.2,0.737,0.553,2018,0.174
513,Ethiopia,Sub-Saharan Africa,4.35,127,0.308,0.391,0.452,2018,0.146
514,Finland,Western Europe,7.632,1,1.305,0.874,0.681,2018,0.393
515,France,Western Europe,6.489,23,1.293,0.908,0.52,2018,0.176
516,Gabon,Sub-Saharan Africa,4.758,103,1.036,0.404,0.356,2018,0.052
517,Georgia,Central and Eastern Europe,4.34,128,0.853,0.643,0.375,2018,0.215
518,Germany,Western Europe,6.965,15,1.34,0.861,0.586,2018,0.28
519,Ghana,Sub-Saharan Africa,4.657,108,0.592,0.337,0.499,2018,0.029
520,Greece,Western Europe,5.358,79,1.154,0.879,0.131,2018,0.044
521,Guatemala,Latin America and Caribbean,6.382,30,0.781,0.608,0.604,2018,0.071
522,Guinea,Sub-Saharan Africa,3.964,140,0.344,0.211,0.394,2018,0.094
523,Haiti,Latin America and Caribbean,3.582,148,0.315,0.289,0.025,2018,0.104
524,Honduras,Latin America and Caribbean,5.504,72,0.62,0.622,0.459,2018,0.074
525,Hong Kong,Eastern Asia,5.43,76,1.405,1.03,0.524,2018,0.291
526,Hungary,Central and Eastern Europe,5.62,69,1.171,0.732,0.259,2018,0.022
527,Iceland,Western Europe,7.495,4,1.343,0.914,0.677,2018,0.138
528,India,Southern Asia,4.19,133,0.721,0.485,0.539,2018,0.093
529,Indonesia,Southeastern Asia,5.093,96,0.899,0.522,0.538,2018,0.018
530,Iran,Middle East and Northern Africa,4.707,106,1.059,0.691,0.459,2018,0.129
531,Iraq,Middle East and Northern Africa,4.456,117,1.01,0.536,0.304,2018,0.095
532,Ireland,Western Europe,6.977,14,1.448,0.876,0.614,2018,0.306
533,Israel,Middle East and Northern Africa,6.814,19,1.301,0.883,0.533,2018,0.272
534,Italy,Western Europe,6.0,47,1.264,0.946,0.281,2018,0.028
535,Ivory Coast,Sub-Saharan Africa,4.671,107,0.541,0.08,0.467,2018,0.103
536,Jamaica,Latin America and Caribbean,5.89,56,0.819,0.693,0.575,2018,0.031
537,Japan,Eastern Asia,5.915,54,1.294,0.988,0.553,2018,0.15
538,Jordan,Middle East and Northern Africa,5.161,90,0.822,0.645,0.468,2018,0.134
539,Kazakhstan,Central and Eastern Europe,5.79,60,1.143,0.631,0.454,2018,0.121
540,Kenya,Sub-Saharan Africa,4.41,124,0.493,0.454,0.504,2018,0.055
541,Kosovo,Central and Eastern Europe,5.662,66,0.855,0.578,0.448,2018,0.023
542,Kuwait,Middle East and Northern Africa,6.083,45,1.474,0.675,0.554,2018,0.106
543,Kyrgyzstan,Central and Eastern Europe,5.131,92,0.53,0.594,0.54,2018,0.035
544,Laos,Southeastern Asia,4.623,110,0.72,0.441,0.626,2018,0.174
545,Latvia,Central and Eastern Europe,5.933,53,1.148,0.671,0.363,2018,0.066
546,Lebanon,Middle East and Northern Africa,5.358,80,0.965,0.785,0.503,2018,0.136
547,Lesotho,Sub-Saharan Africa,3.808,141,0.472,0.079,0.423,2018,0.112
548,Liberia,Sub-Saharan Africa,3.495,149,0.076,0.267,0.419,2018,0.03
549,Libya,Middle East and Northern Africa,5.566,70,0.985,0.553,0.496,2018,0.148
550,Lithuania,Central and Eastern Europe,5.952,50,1.197,0.716,0.35,2018,0.006
551,Luxembourg,Western Europe,6.91,17,1.576,0.896,0.632,2018,0.321
552,Macedonia,Central and Eastern Europe,5.185,89,0.959,0.691,0.394,2018,0.052
553,Madagascar,Sub-Saharan Africa,3.774,143,0.262,0.402,0.221,2018,0.049
554,Malawi,Sub-Saharan Africa,3.587,147,0.186,0.306,0.531,2018,0.08
555,Malaysia,Southeastern Asia,6.322,35,1.161,0.669,0.356,2018,0.059
556,Mali,Sub-Saharan Africa,4.447,118,0.37,0.152,0.367,2018,0.056
557,Malta,Western Europe,6.627,22,1.27,0.884,0.645,2018,0.142
558,Mauritania,Sub-Saharan Africa,4.356,126,0.557,0.292,0.129,2018,0.093
559,Mauritius,Sub-Saharan Africa,5.891,55,1.09,0.684,0.584,2018,0.05
560,Mexico,Latin America and Caribbean,6.488,24,1.038,0.761,0.479,2018,0.095
561,Moldova,Central and Eastern Europe,5.64,67,0.657,0.62,0.232,2018,0.0
562,Mongolia,Eastern Asia,5.125,94,0.914,0.575,0.395,2018,0.032
563,Montenegro,Central and Eastern Europe,5.347,81,1.017,0.729,0.259,2018,0.081
564,Morocco,Middle East and Northern Africa,5.254,85,0.779,0.669,0.46,2018,0.074
565,Mozambique,Sub-Saharan Africa,4.417,123,0.198,0.173,0.531,2018,0.158
566,Myanmar,Southeastern Asia,4.308,130,0.682,0.429,0.58,2018,0.178
567,Namibia,,4.441,119,0.874,0.365,0.519,2018,0.064
568,Nepal,Southern Asia,4.88,101,0.425,0.539,0.526,2018,0.078
569,Netherlands,Western Europe,7.441,6,1.361,0.878,0.638,2018,0.295
570,New Zealand,Australia and New Zealand,7.324,8,1.268,0.876,0.669,2018,0.389
571,Nicaragua,Latin America and Caribbean,6.141,41,0.668,0.7,0.527,2018,0.128
572,Niger,Sub-Saharan Africa,4.166,134,0.131,0.221,0.39,2018,0.099
573,Nigeria,Sub-Saharan Africa,5.155,91,0.689,0.048,0.462,2018,0.032
574,North Cyprus,Western Europe,5.835,58,1.229,0.909,0.495,2018,0.154
575,Norway,Western Europe,7.594,2,1.456,0.861,0.686,2018,0.34
576,Pakistan,Southern Asia,5.472,75,0.652,0.424,0.334,2018,0.113
577,Palestinian Territories,Middle East and Northern Africa,4.743,104,0.642,0.602,0.266,2018,0.076
578,Panama,Latin America and Caribbean,6.43,27,1.112,0.759,0.597,2018,0.063
579,Paraguay,Latin America and Caribbean,5.681,64,0.835,0.615,0.541,2018,0.074
580,Peru,Latin America and Caribbean,5.663,65,0.934,0.674,0.53,2018,0.034
581,Philippines,Southeastern Asia,5.524,71,0.775,0.513,0.643,2018,0.105
582,Poland,Central and Eastern Europe,6.123,42,1.176,0.781,0.546,2018,0.064
583,Portugal,Western Europe,5.41,77,1.188,0.884,0.562,2018,0.017
584,Qatar,Middle East and Northern Africa,6.374,32,1.649,0.748,0.654,2018,0.171
585,Romania,Central and Eastern Europe,5.945,52,1.116,0.726,0.528,2018,0.001
586,Russia,Central and Eastern Europe,5.81,59,1.151,0.599,0.399,2018,0.025
587,Rwanda,Sub-Saharan Africa,3.408,151,0.332,0.4,0.636,2018,0.444
588,Saudi Arabia,Middle East and Northern Africa,6.371,33,1.379,0.633,0.509,2018,0.127
589,Senegal,Sub-Saharan Africa,4.631,109,0.429,0.433,0.406,2018,0.082
590,Serbia,Central and Eastern Europe,5.398,78,0.975,0.685,0.288,2018,0.043
591,Sierra Leone,Sub-Saharan Africa,4.571,113,0.256,0.0,0.355,2018,0.053
592,Singapore,Southeastern Asia,6.343,34,1.529,1.008,0.631,2018,0.457
593,Slovakia,Central and Eastern Europe,6.173,39,1.21,0.776,0.354,2018,0.014
594,Slovenia,Central and Eastern Europe,5.948,51,1.219,0.856,0.633,2018,0.051
595,Somalia,,4.982,98,0.0,0.115,0.674,2018,0.282
596,South Africa,Sub-Saharan Africa,4.724,105,0.94,0.33,0.516,2018,0.056
597,South Korea,Eastern Asia,5.875,57,1.266,0.955,0.244,2018,0.051
598,South Sudan,,3.254,154,0.337,0.177,0.112,2018,0.106
599,Spain,Western Europe,6.31,36,1.251,0.965,0.449,2018,0.074
600,Sri Lanka,Southern Asia,4.471,116,0.918,0.672,0.585,2018,0.05
601,Sudan,Sub-Saharan Africa,4.139,137,0.605,0.312,0.016,2018,0.082
602,Sweden,Western Europe,7.314,9,1.355,0.913,0.659,2018,0.383
603,Switzerland,Western Europe,7.487,5,1.42,0.927,0.66,2018,0.357
604,Syria,Middle East and Northern Africa,3.462,150,0.689,0.539,0.088,2018,0.144
605,Taiwan,Eastern Asia,6.441,26,1.365,0.857,0.418,2018,0.078
606,Tajikistan,Central and Eastern Europe,5.199,88,0.474,0.598,0.292,2018,0.034
607,Tanzania,Sub-Saharan Africa,3.303,153,0.455,0.381,0.481,2018,0.097
608,Thailand,Southeastern Asia,6.072,46,1.016,0.707,0.637,2018,0.029
609,Togo,Sub-Saharan Africa,3.999,139,0.259,0.253,0.434,2018,0.101
610,Trinidad & Tobago,,6.192,38,1.223,0.564,0.575,2018,0.019
611,Tunisia,Middle East and Northern Africa,4.592,111,0.9,0.69,0.271,2018,0.063
612,Turkey,Middle East and Northern Africa,5.483,74,1.148,0.686,0.324,2018,0.109
613,Turkmenistan,Central and Eastern Europe,5.636,68,1.016,0.517,0.417,2018,0.037
614,Uganda,Sub-Saharan Africa,4.161,135,0.322,0.237,0.45,2018,0.061
615,Ukraine,Central and Eastern Europe,4.103,138,0.793,0.609,0.163,2018,0.011
616,United Arab Emirates,Middle East and Northern Africa,6.774,20,2.096,0.67,0.284,2018,
617,United Kingdom,Western Europe,7.19,11,1.244,0.888,0.464,2018,0.082
618,United States,North America,6.886,18,1.398,0.819,0.547,2018,0.133
619,Uruguay,Latin America and Caribbean,6.379,31,1.093,0.771,0.625,2018,0.155
620,Uzbekistan,Central and Eastern Europe,6.096,44,0.719,0.605,0.724,2018,0.259
621,Venezuela,Latin America and Caribbean,4.806,102,0.996,0.657,0.133,2018,0.052
622,Vietnam,Southeastern Asia,5.103,95,0.715,0.702,0.618,2018,0.079
623,Yemen,Middle East and Northern Africa,3.355,152,0.442,0.343,0.244,2018,0.064
624,Zambia,Sub-Saharan Africa,4.377,125,0.562,0.295,0.503,2018,0.082
625,Zimbabwe,Sub-Saharan Africa,3.692,144,0.357,0.248,0.406,2018,0.099
626,Afghanistan,Southern Asia,3.203,154,0.35,0.361,0.0,2019,0.025
627,Albania,Central and Eastern Europe,4.719,107,0.947,0.874,0.383,2019,0.027
628,Algeria,Middle East and Northern Africa,5.211,88,1.002,0.785,0.086,2019,0.114
629,Argentina,Latin America and Caribbean,6.086,47,1.092,0.881,0.471,2019,0.05
630,Armenia,Central and Eastern Europe,4.559,116,0.85,0.815,0.283,2019,0.064
631,Australia,Australia and New Zealand,7.228,11,1.372,1.036,0.557,2019,0.29
632,Austria,Western Europe,7.246,10,1.376,1.016,0.532,2019,0.226
633,Azerbaijan,Central and Eastern Europe,5.208,90,1.043,0.769,0.351,2019,0.182
634,Bahrain,Middle East and Northern Africa,6.199,37,1.362,0.871,0.536,2019,0.11
635,Bangladesh,Southern Asia,4.456,125,0.562,0.723,0.527,2019,0.143
636,Belarus,Central and Eastern Europe,5.323,81,1.067,0.789,0.235,2019,0.142
637,Belgium,Western Europe,6.923,18,1.356,0.986,0.473,2019,0.21
638,Benin,Sub-Saharan Africa,4.883,102,0.393,0.397,0.349,2019,0.082
639,Bhutan,Southern Asia,5.082,95,0.813,0.604,0.457,2019,0.167
640,Bolivia,Latin America and Caribbean,5.779,61,0.776,0.706,0.511,2019,0.064
641,Bosnia and Herzegovina,Central and Eastern Europe,5.386,78,0.945,0.845,0.212,2019,0.006
642,Botswana,Sub-Saharan Africa,3.488,148,1.041,0.538,0.455,2019,0.1
643,Brazil,Latin America and Caribbean,6.3,32,1.004,0.802,0.39,2019,0.086
644,Bulgaria,Central and Eastern Europe,5.011,97,1.092,0.815,0.311,2019,0.004
645,Burkina Faso,Sub-Saharan Africa,4.587,115,0.331,0.38,0.255,2019,0.113
646,Burundi,Sub-Saharan Africa,3.775,145,0.046,0.38,0.22,2019,0.18
647,Cambodia,Southeastern Asia,4.7,109,0.574,0.637,0.609,2019,0.062
648,Cameroon,Sub-Saharan Africa,5.044,96,0.549,0.331,0.381,2019,0.037
649,Canada,North America,7.278,9,1.365,1.039,0.584,2019,0.308
650,Central African Republic,Sub-Saharan Africa,3.083,155,0.026,0.105,0.225,2019,0.035
651,Chad,Sub-Saharan Africa,4.35,132,0.35,0.192,0.174,2019,0.078
652,Chile,Latin America and Caribbean,6.444,26,1.159,0.92,0.357,2019,0.056
653,China,Eastern Asia,5.191,93,1.029,0.893,0.521,2019,0.1
654,Colombia,Latin America and Caribbean,6.125,43,0.985,0.841,0.47,2019,0.034
655,Comoros,Sub-Saharan Africa,3.973,142,0.274,0.505,0.142,2019,0.078
656,Congo (Brazzaville),Sub-Saharan Africa,4.812,103,0.673,0.508,0.372,2019,0.093
657,Congo (Kinshasa),Sub-Saharan Africa,4.418,127,0.094,0.357,0.269,2019,0.053
658,Costa Rica,Latin America and Caribbean,7.167,12,1.034,0.963,0.558,2019,0.093
659,Croatia,Central and Eastern Europe,5.432,75,1.155,0.914,0.296,2019,0.022
660,Cyprus,Western Europe,6.046,49,1.263,1.042,0.406,2019,0.041
661,Czech Republic,Central and Eastern Europe,6.852,20,1.269,0.92,0.457,2019,0.036
662,Denmark,Western Europe,7.6,2,1.383,0.996,0.592,2019,0.41
663,Dominican Republic,Latin America and Caribbean,5.425,77,1.015,0.779,0.497,2019,0.101
664,Ecuador,Latin America and Caribbean,6.028,50,0.912,0.868,0.498,2019,0.087
665,Egypt,Middle East and Northern Africa,4.166,137,0.913,0.644,0.241,2019,0.067
666,El Salvador,Latin America and Caribbean,6.253,35,0.794,0.789,0.43,2019,0.074
667,Estonia,Central and Eastern Europe,5.893,55,1.237,0.874,0.495,2019,0.161
668,Ethiopia,Sub-Saharan Africa,4.286,134,0.336,0.532,0.344,2019,0.1
669,Finland,Western Europe,7.769,1,1.34,0.986,0.596,2019,0.393
670,France,Western Europe,6.592,24,1.324,1.045,0.436,2019,0.183
671,Gabon,Sub-Saharan Africa,4.799,104,1.057,0.571,0.295,2019,0.055
672,Gambia,,4.516,120,0.308,0.428,0.382,2019,0.167
673,Georgia,Central and Eastern Europe,4.519,119,0.886,0.752,0.346,2019,0.164
674,Germany,Western Europe,6.985,17,1.373,0.987,0.495,2019,0.265
675,Ghana,Sub-Saharan Africa,4.996,98,0.611,0.486,0.381,2019,0.04
676,Greece,Western Europe,5.287,82,1.181,0.999,0.067,2019,0.034
677,Guatemala,Latin America and Caribbean,6.436,27,0.8,0.746,0.535,2019,0.078
678,Guinea,Sub-Saharan Africa,4.534,118,0.38,0.375,0.332,2019,0.086
679,Haiti,Latin America and Caribbean,3.597,147,0.323,0.449,0.026,2019,0.11
680,Honduras,Latin America and Caribbean,5.86,59,0.642,0.828,0.507,2019,0.078
681,Hong Kong,Eastern Asia,5.43,76,1.438,1.122,0.44,2019,0.287
682,Hungary,Central and Eastern Europe,5.758,62,1.201,0.828,0.199,2019,0.02
683,Iceland,Western Europe,7.494,4,1.38,1.026,0.591,2019,0.118
684,India,Southern Asia,4.015,140,0.755,0.588,0.498,2019,0.085
685,Indonesia,Southeastern Asia,5.192,92,0.931,0.66,0.491,2019,0.028
686,Iran,Middle East and Northern Africa,4.548,117,1.1,0.785,0.305,2019,0.125
687,Iraq,Middle East and Northern Africa,4.437,126,1.043,0.574,0.241,2019,0.089
688,Ireland,Western Europe,7.021,16,1.499,0.999,0.516,2019,0.31
689,Israel,Middle East and Northern Africa,7.139,13,1.276,1.029,0.371,2019,0.082
690,Italy,Western Europe,6.223,36,1.294,1.039,0.231,2019,0.03
691,Ivory Coast,Sub-Saharan Africa,4.944,99,0.569,0.232,0.352,2019,0.09
692,Jamaica,Latin America and Caribbean,5.89,56,0.831,0.831,0.49,2019,0.028
693,Japan,Eastern Asia,5.886,58,1.327,1.088,0.445,2019,0.14
694,Jordan,Middle East and Northern Africa,4.906,101,0.837,0.815,0.383,2019,0.13
695,Kazakhstan,Central and Eastern Europe,5.809,60,1.173,0.729,0.41,2019,0.096
696,Kenya,Sub-Saharan Africa,4.509,121,0.512,0.581,0.431,2019,0.053
697,Kosovo,Central and Eastern Europe,6.1,46,0.882,0.758,0.489,2019,0.006
698,Kuwait,Middle East and Northern Africa,6.021,51,1.5,0.808,0.493,2019,0.097
699,Kyrgyzstan,Central and Eastern Europe,5.261,86,0.551,0.723,0.508,2019,0.023
700,Laos,Southeastern Asia,4.796,105,0.764,0.551,0.547,2019,0.164
701,Latvia,Central and Eastern Europe,5.94,53,1.187,0.812,0.264,2019,0.064
702,Lebanon,Middle East and Northern Africa,5.197,91,0.987,0.815,0.216,2019,0.027
703,Lesotho,Sub-Saharan Africa,3.802,144,0.489,0.168,0.359,2019,0.093
704,Liberia,Sub-Saharan Africa,3.975,141,0.073,0.443,0.37,2019,0.033
705,Libya,Middle East and Northern Africa,5.525,72,1.044,0.673,0.416,2019,0.152
706,Lithuania,Central and Eastern Europe,6.149,42,1.238,0.818,0.291,2019,0.042
707,Luxembourg,Western Europe,7.09,14,1.609,1.012,0.526,2019,0.316
708,Madagascar,Sub-Saharan Africa,3.933,143,0.274,0.555,0.148,2019,0.041
709,Malawi,Sub-Saharan Africa,3.41,150,0.191,0.495,0.443,2019,0.089
710,Malaysia,Southeastern Asia,5.339,80,1.221,0.828,0.508,2019,0.024
711,Mali,Sub-Saharan Africa,4.39,128,0.385,0.308,0.327,2019,0.052
712,Malta,Western Europe,6.726,22,1.3,0.999,0.564,2019,0.151
713,Mauritania,Sub-Saharan Africa,4.49,122,0.57,0.489,0.066,2019,0.088
714,Mauritius,Sub-Saharan Africa,5.888,57,1.12,0.798,0.498,2019,0.06
715,Mexico,Latin America and Caribbean,6.595,23,1.07,0.861,0.433,2019,0.073
716,Moldova,Central and Eastern Europe,5.529,71,0.685,0.739,0.245,2019,0.0
717,Mongolia,Eastern Asia,5.285,83,0.948,0.667,0.317,2019,0.038
718,Montenegro,Central and Eastern Europe,5.523,73,1.051,0.871,0.197,2019,0.08
719,Morocco,Middle East and Northern Africa,5.208,89,0.801,0.782,0.418,2019,0.076
720,Mozambique,Sub-Saharan Africa,4.466,123,0.204,0.39,0.494,2019,0.138
721,Myanmar,Southeastern Asia,4.36,131,0.71,0.555,0.525,2019,0.172
722,Namibia,,4.639,113,0.879,0.477,0.401,2019,0.056
723,Nepal,Southern Asia,4.913,100,0.446,0.677,0.439,2019,0.089
724,Netherlands,Western Europe,7.488,5,1.396,0.999,0.557,2019,0.298
725,New Zealand,Australia and New Zealand,7.307,8,1.303,1.026,0.585,2019,0.38
726,Nicaragua,Latin America and Caribbean,6.105,45,0.694,0.835,0.435,2019,0.127
727,Niger,Sub-Saharan Africa,4.628,114,0.138,0.366,0.318,2019,0.102
728,Nigeria,Sub-Saharan Africa,5.265,85,0.696,0.245,0.426,2019,0.041
729,North Macedonia,,5.274,84,0.983,0.838,0.345,2019,0.034
730,North Cyprus,Western Europe,5.718,64,1.263,1.042,0.417,2019,0.162
731,Norway,Western Europe,7.554,3,1.488,1.028,0.603,2019,0.341
732,Pakistan,Southern Asia,5.653,67,0.677,0.535,0.313,2019,0.098
733,Palestinian Territories,Middle East and Northern Africa,4.696,110,0.657,0.672,0.225,2019,0.066
734,Panama,Latin America and Caribbean,6.321,31,1.149,0.91,0.516,2019,0.054
735,Paraguay,Latin America and Caribbean,5.743,63,0.855,0.777,0.514,2019,0.08
736,Peru,Latin America and Caribbean,5.697,65,0.96,0.854,0.455,2019,0.027
737,Philippines,Southeastern Asia,5.631,69,0.807,0.657,0.558,2019,0.107
738,Poland,Central and Eastern Europe,6.182,40,1.206,0.884,0.483,2019,0.05
739,Portugal,Western Europe,5.693,66,1.221,0.999,0.508,2019,0.025
740,Qatar,Middle East and Northern Africa,6.374,29,1.684,0.871,0.555,2019,0.167
741,Romania,Central and Eastern Europe,6.07,48,1.162,0.825,0.462,2019,0.005
742,Russia,Central and Eastern Europe,5.648,68,1.183,0.726,0.334,2019,0.031
743,Rwanda,Sub-Saharan Africa,3.334,152,0.359,0.614,0.555,2019,0.411
744,Saudi Arabia,Middle East and Northern Africa,6.375,28,1.403,0.795,0.439,2019,0.132
745,Senegal,Sub-Saharan Africa,4.681,111,0.45,0.571,0.292,2019,0.072
746,Serbia,Central and Eastern Europe,5.603,70,1.004,0.854,0.282,2019,0.039
747,Sierra Leone,Sub-Saharan Africa,4.374,129,0.268,0.242,0.309,2019,0.045
748,Singapore,Southeastern Asia,6.262,34,1.572,1.141,0.556,2019,0.453
749,Slovakia,Central and Eastern Europe,6.198,38,1.246,0.881,0.334,2019,0.014
750,Slovenia,Central and Eastern Europe,6.118,44,1.258,0.953,0.564,2019,0.057
751,Somalia,,4.668,112,0.0,0.268,0.559,2019,0.27
752,South Africa,Sub-Saharan Africa,4.722,106,0.96,0.469,0.389,2019,0.055
753,South Korea,Eastern Asia,5.895,54,1.301,1.036,0.159,2019,0.056
754,South Sudan,,2.853,156,0.306,0.295,0.01,2019,0.091
755,Spain,Western Europe,6.354,30,1.286,1.062,0.362,2019,0.079
756,Sri Lanka,Southern Asia,4.366,130,0.949,0.831,0.47,2019,0.047
757,Swaziland,Sub-Saharan Africa,4.212,135,0.811,0.0,0.313,2019,0.135
758,Sweden,Western Europe,7.343,7,1.387,1.009,0.574,2019,0.373
759,Switzerland,Western Europe,7.48,6,1.452,1.052,0.572,2019,0.343
760,Syria,Middle East and Northern Africa,3.462,149,0.619,0.44,0.013,2019,0.141
761,Taiwan,Eastern Asia,6.446,25,1.368,0.914,0.351,2019,0.097
762,Tajikistan,Central and Eastern Europe,5.467,74,0.493,0.718,0.389,2019,0.144
763,Tanzania,Sub-Saharan Africa,3.231,153,0.476,0.499,0.417,2019,0.147
764,Thailand,Southeastern Asia,6.008,52,1.05,0.828,0.557,2019,0.028
765,Togo,Sub-Saharan Africa,4.085,139,0.275,0.41,0.293,2019,0.085
766,Trinidad & Tobago,,6.192,39,1.231,0.713,0.489,2019,0.016
767,Tunisia,Middle East and Northern Africa,4.461,124,0.921,0.815,0.167,2019,0.055
768,Turkey,Middle East and Northern Africa,5.373,79,1.183,0.808,0.195,2019,0.106
769,Turkmenistan,Central and Eastern Europe,5.247,87,1.052,0.657,0.394,2019,0.028
770,Uganda,Sub-Saharan Africa,4.189,136,0.332,0.443,0.356,2019,0.06
771,Ukraine,Central and Eastern Europe,4.332,133,0.82,0.739,0.178,2019,0.01
772,United Arab Emirates,Middle East and Northern Africa,6.825,21,1.503,0.825,0.598,2019,0.182
773,United Kingdom,Western Europe,7.054,15,1.333,0.996,0.45,2019,0.278
774,United States,North America,6.892,19,1.433,0.874,0.454,2019,0.128
775,Uruguay,Latin America and Caribbean,6.293,33,1.124,0.891,0.523,2019,0.15
776,Uzbekistan,Central and Eastern Europe,6.174,41,0.745,0.756,0.631,2019,0.24
777,Venezuela,Latin America and Caribbean,4.707,108,0.96,0.805,0.154,2019,0.047
778,Vietnam,Southeastern Asia,5.175,94,0.741,0.851,0.543,2019,0.073
779,Yemen,Middle East and Northern Africa,3.38,151,0.287,0.463,0.143,2019,0.077
780,Zambia,Sub-Saharan Africa,4.107,138,0.578,0.426,0.431,2019,0.087
781,Zimbabwe,Sub-Saharan Africa,3.663,146,0.366,0.433,0.361,2019,0.089
782,Afghanistan,South Asia,2.566900015,153,0.30070585,52.59000015,0.396573007,2020,0.933686554
783,Albania,Central and Eastern Europe,4.882699966,105,0.906653047,68.70813751,0.781994224,2020,0.896303713
784,Algeria,Middle East and North Africa,5.005099773,100,0.943856001,65.90517426,0.466610909,2020,0.735485137
785,Argentina,Latin America and Caribbean,5.974699974,55,1.028465629,68.80380249,0.831132412,2020,0.842009842
786,Armenia,Commonwealth of Independent States,4.676799774,116,0.808262408,66.75065613,0.712017834,2020,0.773544788
787,Australia,North America and ANZ,7.222799778,12,1.310396433,73.60453796,0.915431738,2020,0.41516912
788,Austria,Western Europe,7.294199944,9,1.317285538,73.00250244,0.899989486,2020,0.499954879
789,Azerbaijan,Commonwealth of Independent States,5.164800167,89,0.990272701,65.50839996,0.786824107,2020,0.55253756
790,Bahrain,Middle East and North Africa,6.227300167,40,1.296692252,68.5,0.905855775,2020,0.7393471
791,Bangladesh,South Asia,4.832799911,107,0.556156278,64.50306702,0.90062499,2020,0.661843538
792,Belarus,Commonwealth of Independent States,5.539899826,75,1.018854499,66.10433197,0.639163077,2020,0.63571167
793,Belgium,Western Europe,6.863500118,20,1.295842767,72.00164795,0.813582063,2020,0.612297952
794,Benin,Sub-Saharan Africa,5.21600008,86,0.366244704,54.31246567,0.735182583,2020,0.740532577
795,Bolivia,Latin America and Caribbean,5.747499943,65,0.730976343,63.6004715,0.875873327,2020,0.822606206
796,Bosnia and Herzegovina,Central and Eastern Europe,5.674099922,69,0.91839546,67.80813599,0.651352704,2020,0.933769107
797,Botswana,Sub-Saharan Africa,3.478899956,147,0.997548997,58.92445374,0.821328104,2020,0.777930915
798,Brazil,Latin America and Caribbean,6.375599861,32,0.952679873,66.48016357,0.799804807,2020,0.770601273
799,Bulgaria,Central and Eastern Europe,5.101500034,96,1.046554685,66.80397797,0.745178163,2020,0.935585141
800,Burkina Faso,Sub-Saharan Africa,4.768700123,112,0.302467644,53.88945389,0.665563583,2020,0.739795029
801,Burundi,Sub-Saharan Africa,3.775300026,140,0.0,53.40000153,0.626350224,2020,0.606934547
802,Cambodia,Southeast Asia,4.848400116,106,0.544634938,61.52996826,0.959704638,2020,0.822769046
803,Cameroon,Sub-Saharan Africa,5.084899902,98,0.503958046,52.7049408,0.763051808,2020,0.851336598
804,Canada,North America and ANZ,7.23210001,11,1.301647663,73.60160065,0.933913231,2020,0.390843362
805,Central African Republic,Sub-Saharan Africa,3.475899935,149,0.041072082,45.20000076,0.640880644,2020,0.891806662
806,Chad,Sub-Saharan Africa,4.422699928,127,0.302287489,48.22053909,0.587305248,2020,0.802760839
807,Chile,Latin America and Caribbean,6.228499889,39,1.096992493,69.90061951,0.744896293,2020,0.838239431
808,China,East Asia,5.123899937,94,0.990533412,69.2891922,0.898517907,2020,0.7539711
809,Colombia,Latin America and Caribbean,6.163400173,44,0.93220371,67.69958496,0.836179912,2020,0.86457181
810,Comoros,Sub-Saharan Africa,4.288599968,134,0.415620774,57.34901047,0.547612607,2020,0.780622602
811,Congo (Brazzaville),Sub-Saharan Africa,5.194399834,88,0.633616745,57.92448044,0.719058514,2020,0.751779079
812,Congo (Kinshasa),Sub-Saharan Africa,4.31099987,131,0.062487468,52.90000153,0.700793564,2020,0.809403598
813,Costa Rica,Latin America and Caribbean,7.121399879,15,0.981107712,71.29985046,0.934738934,2020,0.786332428
814,Croatia,Central and Eastern Europe,5.504700184,79,1.109024286,70.21490479,0.714838803,2020,0.916495264
815,Cyprus,Western Europe,6.15899992,45,1.21279943,73.70222473,0.779858291,2020,0.856271744
816,Czech Republic,Central and Eastern Europe,6.910900116,19,1.212322354,70.04793549,0.818537354,2020,0.85844624
817,Denmark,Western Europe,7.645599842,2,1.326948524,72.40250397,0.951444268,2020,0.168489456
818,Dominican Republic,Latin America and Caribbean,5.689199924,68,0.983191848,65.80748749,0.866202772,2020,0.755999923
819,Ecuador,Latin America and Caribbean,5.925199986,58,0.853383601,68.50003815,0.859828949,2020,0.801215112
820,Egypt,Middle East and North Africa,4.151400089,138,0.875228941,61.78015137,0.708354175,2020,0.787726879
821,El Salvador,Latin America and Caribbean,6.34829998,34,0.748940408,66.10826111,0.833805263,2020,0.754319906
822,Estonia,Central and Eastern Europe,6.021800041,51,1.192441225,68.60495758,0.87770915,2020,0.623073816
823,Ethiopia,Sub-Saharan Africa,4.186200142,136,0.315125644,58.63959122,0.740795195,2020,0.753690004
824,Finland,Western Europe,7.808700085,1,1.285189509,71.9008255,0.949172199,2020,0.195444584
825,France,Western Europe,6.663799763,23,1.268129349,73.80193329,0.825467646,2020,0.583521128
826,Gabon,Sub-Saharan Africa,4.829299927,108,0.988044381,59.71533966,0.704829216,2020,0.849150956
827,Gambia,Sub-Saharan Africa,4.750599861,113,0.256990552,55.0120163,0.733163178,2020,0.690717816
828,Georgia,Commonwealth of Independent States,4.672599792,117,0.847198069,64.49520874,0.801641524,2020,0.665944695
829,Germany,Western Europe,7.075799942,17,1.314184546,72.20201874,0.867371082,2020,0.456422031
830,Ghana,Sub-Saharan Africa,5.147999763,91,0.575862467,57.20398712,0.794796526,2020,0.847964764
831,Greece,Western Europe,5.514999866,77,1.128070116,72.40525818,0.541345119,2020,0.859931409
832,Guatemala,Latin America and Caribbean,6.398900032,29,0.753815711,64.8089447,0.908147573,2020,0.783237457
833,Guinea,Sub-Saharan Africa,4.949299812,102,0.390007734,54.46780014,0.706846774,2020,0.761794448
834,Haiti,Latin America and Caribbean,3.720799923,142,0.284734428,55.59862518,0.537825167,2020,0.684767246
835,Honduras,Latin America and Caribbean,5.953199863,56,0.598763585,67.19876862,0.870603263,2020,0.801131904
836,Hong Kong S.A.R. of China,East Asia,5.510399818,78,1.376746058,76.77170563,0.779833794,2020,0.420607209
837,Hungary,Central and Eastern Europe,6.000400066,53,1.164307117,67.60997009,0.718964577,2020,0.892916501
838,Iceland,Western Europe,7.504499912,4,1.326501608,73.0,0.948891878,2020,0.711709738
839,India,South Asia,3.573299885,144,0.730576158,60.21518707,0.881444871,2020,0.772042692
840,Indonesia,Southeast Asia,5.285600185,84,0.891720712,62.15584946,0.870614409,2020,0.876296401
841,Iran,Middle East and North Africa,4.672399998,118,1.029322505,66.00614929,0.647873282,2020,0.714635968
842,Iraq,Middle East and North Africa,4.784800053,110,0.982018709,59.90354919,0.633182645,2020,0.82226181
843,Ireland,Western Europe,7.093699932,16,1.446886778,72.30078888,0.886982977,2020,0.357184172
844,Israel,Middle East and North Africa,7.128600121,14,1.216463685,73.20025635,0.747580588,2020,0.78085506
845,Italy,Western Europe,6.38740015,30,1.236396074,73.60168457,0.66465199,2020,0.873404682
846,Ivory Coast,Sub-Saharan Africa,5.233300209,85,0.537094414,49.50377274,0.727909327,2020,0.790771961
847,Jamaica,Latin America and Caribbean,5.889800072,60,0.779058397,67.09999847,0.858068526,2020,0.888890028
848,Japan,East Asia,5.870800018,62,1.26672411,75.00096893,0.809961379,2020,0.654558063
849,Jordan,Middle East and North Africa,4.633399963,119,0.785179198,66.79975128,0.75104779,2020,0.700344324
850,Kazakhstan,Commonwealth of Independent States,6.057899952,50,1.122594237,64.60996246,0.811601937,2020,0.764490843
851,Kenya,Sub-Saharan Africa,4.583000183,121,0.476413399,60.09693146,0.829747558,2020,0.831499159
852,Kosovo,Central and Eastern Europe,6.325200081,35,0.840481341,63.88555527,0.861535907,2020,0.922328293
853,Kuwait,Middle East and North Africa,6.102099895,48,1.424833655,66.76764679,0.872366488,2020,0.760849059
854,Kyrgyzstan,Commonwealth of Independent States,5.541500092,74,0.513180971,64.10601044,0.909374893,2020,0.888396084
855,Laos,Southeast Asia,4.888599873,104,0.714693844,58.70992279,0.907213569,2020,0.634679317
856,Latvia,Central and Eastern Europe,5.949999809,57,1.14139545,66.8074646,0.671237648,2020,0.795580089
857,Lebanon,Middle East and North Africa,4.771500111,111,0.889232516,67.10658264,0.551357508,2020,0.90225625
858,Lesotho,Sub-Saharan Africa,3.652800083,143,0.45493874,48.00362396,0.738125861,2020,0.857392073
859,Liberia,Sub-Saharan Africa,4.557899952,124,0.174103007,56.09631348,0.735268712,2020,0.856375933
860,Libya,Middle East and North Africa,5.488800049,80,1.021913767,62.29999924,0.773157001,2020,0.668779135
861,Lithuania,Central and Eastern Europe,6.215499878,41,1.193559647,67.29407501,0.747381449,2020,0.809583843
862,Luxembourg,Western Europe,7.237500191,10,1.536676049,72.59999847,0.90563643,2020,0.367084295
863,Macedonia,Central and Eastern Europe,5.159800053,90,0.935371995,67.50442505,0.738840938,2020,0.897490501
864,Madagascar,Sub-Saharan Africa,4.165599823,137,0.244553208,59.10542679,0.557574093,2020,0.817485631
865,Malawi,Sub-Saharan Africa,3.538000107,145,0.176534727,57.59288788,0.803223193,2020,0.731700778
866,Malaysia,Southeast Asia,5.384300232,82,1.168421626,67.10215759,0.894626856,2020,0.839302301
867,Maldives,South Asia,5.197599888,87,0.937864304,70.59999847,0.853962779,2020,0.824211061
868,Mali,Sub-Saharan Africa,4.729300022,114,0.352462649,51.72698212,0.71156615,2020,0.839328408
869,Malta,Western Europe,6.772799969,22,1.252513289,72.19999695,0.924911439,2020,0.658547282
870,Mauritania,Sub-Saharan Africa,4.374599934,129,0.539684892,57.01017761,0.551522553,2020,0.746223509
871,Mauritius,Sub-Saharan Africa,6.101299763,49,1.07366395,66.40434265,0.889534533,2020,0.805343091
872,Mexico,Latin America and Caribbean,6.465000153,24,1.024387479,68.29902649,0.858709276,2020,0.806821585
873,Moldova,Commonwealth of Independent States,5.607500076,70,0.707916796,65.01301575,0.721609175,2020,0.913314283
874,Mongolia,East Asia,5.456200123,81,0.904872775,62.30448532,0.693351328,2020,0.863511205
875,Montenegro,Central and Eastern Europe,5.54610014,72,1.010150075,68.50534821,0.649565637,2020,0.783121586
876,Morocco,Middle East and North Africa,5.094799995,97,0.75862211,65.89624023,0.772072434,2020,0.815724611
877,Mozambique,Sub-Saharan Africa,4.623600006,120,0.178741366,54.20582199,0.864451885,2020,0.683019102
878,Myanmar,Southeast Asia,4.308000088,133,0.67809093,58.96171188,0.895075202,2020,0.645124316
879,Namibia,Sub-Saharan Africa,4.571100235,122,0.84008199,56.50148773,0.767520964,2020,0.851449788
880,Nepal,South Asia,5.137199879,92,0.444050372,63.77917862,0.797565043,2020,0.738099158
881,Netherlands,Western Europe,7.448900223,6,1.338946342,72.30091858,0.908547819,2020,0.364717126
882,New Zealand,North America and ANZ,7.299600124,8,1.242317915,73.20262909,0.936217487,2020,0.22113885
883,Nicaragua,Latin America and Caribbean,6.13710022,46,0.620033145,67.50717926,0.863902867,2020,0.665950119
884,Niger,Sub-Saharan Africa,4.909599781,103,0.108330332,53.50009537,0.759772122,2020,0.722530186
885,Nigeria,Sub-Saharan Africa,4.724100113,115,0.645901859,49.86190796,0.759578407,2020,0.861874342
886,North Cyprus,Western Europe,5.53550005,76,1.21279943,73.70222473,0.79529351,2020,0.62611568
887,Norway,Western Europe,7.487999916,5,1.42420733,73.20078278,0.955750287,2020,0.263218194
888,Pakistan,South Asia,5.69329977,66,0.616799474,58.25313568,0.734833717,2020,0.745705426
889,Palestinian Territories,Middle East and North Africa,4.552800179,125,0.587819219,62.25,0.645791829,2020,0.824199975
890,Panama,Latin America and Caribbean,6.304800034,36,1.097667813,69.60301208,0.880366504,2020,0.851588905
891,Paraguay,Latin America and Caribbean,5.692100048,67,0.897990823,65.63993835,0.885923445,2020,0.834788501
892,Peru,Latin America and Caribbean,5.796800137,63,0.91854918,68.10023499,0.824766099,2020,0.893714964
893,Philippines,Southeast Asia,6.006000042,52,0.775120676,61.92676163,0.915463448,2020,0.733634114
894,Poland,Central and Eastern Europe,6.186299801,43,1.16922915,69.31113434,0.862055779,2020,0.686927021
895,Portugal,Western Europe,5.910900116,59,1.168800831,72.40202332,0.888747811,2020,0.892629504
896,Romania,Central and Eastern Europe,6.123700142,47,1.120401621,67.20723724,0.842823207,2020,0.934300244
897,Russia,Commonwealth of Independent States,5.546000004,73,1.126999617,64.10045624,0.729892612,2020,0.864802599
898,Rwanda,Sub-Saharan Africa,3.312299967,150,0.343242675,61.09884644,0.900589406,2020,0.183541179
899,Saudi Arabia,Middle East and North Africa,6.406499863,27,1.334328532,66.30514526,0.854191244,2020,0.682619512
900,Senegal,Sub-Saharan Africa,4.980800152,101,0.504061818,59.59915161,0.690596163,2020,0.808785141
901,Serbia,Central and Eastern Europe,5.77820015,64,0.988181829,68.21020508,0.726495862,2020,0.843509018
902,Sierra Leone,Sub-Saharan Africa,3.926399946,139,0.240560383,50.86514282,0.715315044,2020,0.861330688
903,Singapore,Southeast Asia,6.377099991,31,1.519580126,76.80458069,0.926645339,2020,0.109784193
904,Slovakia,Central and Eastern Europe,6.280600071,37,1.194837689,68.90634155,0.749952674,2020,0.918096125
905,Slovenia,Central and Eastern Europe,6.363399982,33,1.208652496,71.1029892,0.936142623,2020,0.817071021
906,South Africa,Sub-Saharan Africa,4.814099789,109,0.902140439,56.50601196,0.759330094,2020,0.843423843
907,South Korea,East Asia,5.872399807,61,1.245300651,73.6027298,0.612965107,2020,0.789067447
908,South Sudan,Sub-Saharan Africa,2.816600084,152,0.289082974,51.0,0.451313615,2020,0.763417304
909,Spain,Western Europe,6.400899887,28,1.230535269,74.40270996,0.751989543,2020,0.765859902
910,Sri Lanka,South Asia,4.327000141,130,0.897986948,67.20006561,0.837633669,2020,0.859001756
911,Swaziland,Sub-Saharan Africa,4.308100224,132,0.827539742,51.18823624,0.646822274,2020,0.708263338
912,Sweden,Western Europe,7.353499889,7,1.322235227,72.60076904,0.939144194,2020,0.250880182
913,Switzerland,Western Europe,7.559899807,3,1.39077425,74.10244751,0.921336651,2020,0.303728431
914,Taiwan Province of China,East Asia,6.45539999,25,1.327470541,69.59999847,0.77153033,2020,0.73188293
915,Tajikistan,Commonwealth of Independent States,5.555699825,71,0.474874616,64.10459137,0.831383407,2020,0.592076063
916,Tanzania,Sub-Saharan Africa,3.476200104,148,0.457163125,57.49607468,0.82153976,2020,0.619799435
917,Thailand,Southeast Asia,5.998799801,54,1.007029295,67.25059509,0.905063033,2020,0.886272311
918,Togo,Sub-Saharan Africa,4.187200069,135,0.268116266,54.71989822,0.649828613,2020,0.757733464
919,Trinidad and Tobago,Latin America and Caribbean,6.191899776,42,1.167641521,63.5,0.857907116,2020,0.912230611
920,Tunisia,Middle East and North Africa,4.392199993,128,0.874742687,66.89785767,0.593361557,2020,0.867590249
921,Turkey,Middle East and North Africa,5.131800175,93,1.127169251,66.90281677,0.608830452,2020,0.748197377
922,Turkmenistan,Commonwealth of Independent States,5.119100094,95,1.008963585,62.21170807,0.826457024,2020,0.883691847
923,Uganda,Sub-Saharan Africa,4.43200016,126,0.312337428,55.70820236,0.731713951,2020,0.836737812
924,Ukraine,Commonwealth of Independent States,4.56069994,123,0.780434608,64.60678101,0.663081884,2020,0.920636714
925,United Arab Emirates,Middle East and North Africa,6.790800095,21,1.431086421,67.08278656,0.941345513,2020,0.594502211
926,United Kingdom,Western Europe,7.164500237,13,1.273061037,72.30160522,0.834743679,2020,0.435915917
927,United States,North America and ANZ,6.939599991,18,1.37398684,68.29949951,0.842619538,2020,0.699715316
928,Uruguay,Latin America and Caribbean,6.440100193,26,1.071000457,69.00254822,0.892395437,2020,0.635994136
929,Uzbekistan,Commonwealth of Independent States,6.257599831,38,0.696652949,65.10757446,0.974998116,2020,0.501497388
930,Venezuela,Latin America and Caribbean,5.053199768,99,0.770238638,66.50534058,0.62327832,2020,0.837038398
931,Vietnam,Southeast Asia,5.353499889,83,0.718092382,67.9527359,0.939592957,2020,0.79642123
932,Yemen,Middle East and North Africa,3.527400017,146,0.392701775,56.72728348,0.599920273,2020,0.800287724
933,Zambia,Sub-Saharan Africa,3.759399891,141,0.536833763,55.29937744,0.806500256,2020,0.801289678
934,Zimbabwe,Sub-Saharan Africa,3.299200058,151,0.425564021,55.61725998,0.711457908,2020,0.81023699
935,Afghanistan,South Asia,2.523,149,0.37,52.493,0.382,2021,0.924
936,Albania,Central and Eastern Europe,5.117,93,1.008,68.999,0.785,2021,0.901
937,Algeria,Middle East and North Africa,4.887,109,0.946,66.005,0.48,2021,0.752
938,Argentina,Latin America and Caribbean,5.929,57,1.162,69.0,0.828,2021,0.834
939,Armenia,Commonwealth of Independent States,5.283,86,0.996,67.055,0.825,2021,0.629
940,Australia,North America and ANZ,7.183,11,1.453,73.9,0.914,2021,0.442
941,Austria,Western Europe,7.268,10,1.492,73.3,0.908,2021,0.481
942,Azerbaijan,Commonwealth of Independent States,5.171,90,1.025,65.656,0.814,2021,0.506
943,Bahrain,Middle East and North Africa,6.647,22,1.409,69.495,0.925,2021,0.722
944,Bangladesh,South Asia,5.025,101,0.635,64.8,0.877,2021,0.682
945,Belarus,Commonwealth of Independent States,5.534,75,1.124,66.253,0.65,2021,0.627
946,Belgium,Western Europe,6.834,20,1.463,72.199,0.783,2021,0.646
947,Benin,Sub-Saharan Africa,5.045,99,0.507,54.713,0.757,2021,0.661
948,Bolivia,Latin America and Caribbean,5.716,69,0.842,63.901,0.875,2021,0.839
949,Bosnia and Herzegovina,Central and Eastern Europe,5.813,64,1.032,68.098,0.706,2021,0.931
950,Botswana,Sub-Saharan Africa,3.467,146,1.099,59.269,0.824,2021,0.801
951,Brazil,Latin America and Caribbean,6.33,35,1.028,66.601,0.804,2021,0.756
952,Bulgaria,Central and Eastern Europe,5.266,88,1.181,67.0,0.788,2021,0.932
953,Burkina Faso,Sub-Saharan Africa,4.834,113,0.364,54.151,0.695,2021,0.748
954,Burundi,Sub-Saharan Africa,3.775,140,0.0,53.4,0.626,2021,0.607
955,Cambodia,Southeast Asia,4.83,114,0.603,62.0,0.959,2021,0.843
956,Cameroon,Sub-Saharan Africa,5.142,91,0.543,53.515,0.731,2021,0.848
957,Canada,North America and ANZ,7.103,14,1.447,73.8,0.915,2021,0.415
958,Chad,Sub-Saharan Africa,4.355,128,0.255,48.478,0.579,2021,0.807
959,Chile,Latin America and Caribbean,6.172,43,1.2,70.0,0.742,2021,0.83
960,China,East Asia,5.339,84,1.061,69.593,0.904,2021,0.755
961,Colombia,Latin America and Caribbean,6.012,52,1.021,68.001,0.837,2021,0.841
962,Comoros,Sub-Saharan Africa,4.289,131,0.488,57.349,0.548,2021,0.781
963,Congo (Brazzaville),Sub-Saharan Africa,5.342,83,0.518,58.221,0.695,2021,0.745
964,Costa Rica,Latin America and Caribbean,7.069,16,1.134,71.4,0.934,2021,0.809
965,Croatia,Central and Eastern Europe,5.882,60,1.251,70.799,0.754,2021,0.939
966,Cyprus,Western Europe,6.223,39,1.377,73.898,0.763,2021,0.844
967,Czech Republic,Central and Eastern Europe,6.965,18,1.37,70.807,0.858,2021,0.868
968,Denmark,Western Europe,7.62,2,1.502,72.7,0.946,2021,0.179
969,Dominican Republic,Latin America and Caribbean,5.545,73,1.106,66.102,0.86,2021,0.714
970,Ecuador,Latin America and Caribbean,5.764,66,0.935,68.8,0.842,2021,0.843
971,Egypt,Middle East and North Africa,4.283,132,0.954,61.998,0.749,2021,0.795
972,El Salvador,Latin America and Caribbean,6.061,49,0.845,66.402,0.888,2021,0.688
973,Estonia,Central and Eastern Europe,6.189,40,1.344,68.8,0.909,2021,0.527
974,Ethiopia,Sub-Saharan Africa,4.275,133,0.37,59.0,0.752,2021,0.761
975,Finland,Western Europe,7.842,1,1.446,72.0,0.949,2021,0.186
976,France,Western Europe,6.69,21,1.421,74.0,0.822,2021,0.571
977,Gabon,Sub-Saharan Africa,4.852,112,1.037,59.962,0.731,2021,0.84
978,Gambia,Sub-Saharan Africa,5.051,98,0.367,55.16,0.697,2021,0.746
979,Georgia,Commonwealth of Independent States,4.891,108,1.03,64.3,0.783,2021,0.655
980,Germany,Western Europe,7.155,13,1.48,72.5,0.875,2021,0.46
981,Ghana,Sub-Saharan Africa,5.088,95,0.68,57.586,0.807,2021,0.848
982,Greece,Western Europe,5.723,68,1.273,72.6,0.582,2021,0.823
983,Guatemala,Latin America and Caribbean,6.435,30,0.845,64.958,0.906,2021,0.775
984,Guinea,Sub-Saharan Africa,4.984,102,0.42,55.008,0.697,2021,0.766
985,Haiti,Latin America and Caribbean,3.615,143,0.294,55.7,0.593,2021,0.721
986,Honduras,Latin America and Caribbean,5.919,59,0.703,67.3,0.857,2021,0.809
987,Hong Kong S.A.R. of China,East Asia,5.477,76,1.525,76.82,0.717,2021,0.403
988,Hungary,Central and Eastern Europe,5.992,53,1.301,68.0,0.755,2021,0.876
989,Iceland,Western Europe,7.554,4,1.482,73.0,0.955,2021,0.673
990,India,South Asia,3.819,139,0.741,60.633,0.893,2021,0.774
991,Indonesia,Southeast Asia,5.345,82,0.954,62.236,0.873,2021,0.867
992,Iran,Middle East and North Africa,4.721,118,1.03,66.3,0.608,2021,0.714
993,Iraq,Middle East and North Africa,4.854,111,0.91,60.583,0.63,2021,0.875
994,Ireland,Western Europe,7.085,15,1.644,72.4,0.879,2021,0.363
995,Israel,Middle East and North Africa,7.157,12,1.376,73.503,0.8,2021,0.753
996,Italy,Western Europe,6.483,28,1.393,73.8,0.693,2021,0.866
997,Ivory Coast,Sub-Saharan Africa,5.306,85,0.669,50.114,0.741,2021,0.794
998,Jamaica,Latin America and Caribbean,6.309,37,0.891,67.5,0.89,2021,0.884
999,Japan,East Asia,5.94,56,1.389,75.1,0.796,2021,0.638
1000,Jordan,Middle East and North Africa,4.395,127,0.89,67.0,0.755,2021,0.705
1001,Kazakhstan,Commonwealth of Independent States,6.152,45,1.23,65.2,0.853,2021,0.733
1002,Kenya,Sub-Saharan Africa,4.607,121,0.603,60.704,0.779,2021,0.825
1003,Kosovo,Central and Eastern Europe,6.372,33,0.937,63.813,0.869,2021,0.917
1004,Kuwait,Middle East and North Africa,6.106,47,1.461,66.9,0.867,2021,0.736
1005,Kyrgyzstan,Commonwealth of Independent States,5.744,67,0.665,64.401,0.935,2021,0.908
1006,Laos,Southeast Asia,5.03,100,0.808,58.968,0.91,2021,0.658
1007,Latvia,Central and Eastern Europe,6.032,51,1.285,67.1,0.715,2021,0.8
1008,Lebanon,Middle East and North Africa,4.584,123,1.045,67.355,0.525,2021,0.898
1009,Lesotho,Sub-Saharan Africa,3.512,145,0.451,48.7,0.715,2021,0.915
1010,Liberia,Sub-Saharan Africa,4.625,120,0.228,56.498,0.735,2021,0.85
1011,Libya,Middle East and North Africa,5.41,80,1.044,62.3,0.771,2021,0.667
1012,Lithuania,Central and Eastern Europe,6.255,38,1.35,67.906,0.773,2021,0.826
1013,Luxembourg,Western Europe,7.324,8,1.751,72.6,0.907,2021,0.386
1014,Madagascar,Sub-Saharan Africa,4.208,135,0.266,59.305,0.552,2021,0.803
1015,Malawi,Sub-Saharan Africa,3.6,144,0.113,57.948,0.78,2021,0.729
1016,Malaysia,Southeast Asia,5.384,81,1.259,67.102,0.895,2021,0.839
1017,Maldives,South Asia,5.198,89,1.115,70.6,0.854,2021,0.825
1018,Mali,Sub-Saharan Africa,4.723,117,0.387,51.969,0.697,2021,0.827
1019,Malta,Western Europe,6.602,23,1.411,72.2,0.927,2021,0.653
1020,Mauritania,Sub-Saharan Africa,4.227,134,0.666,57.161,0.561,2021,0.731
1021,Mauritius,Sub-Saharan Africa,6.049,50,1.178,66.701,0.867,2021,0.789
1022,Mexico,Latin America and Caribbean,6.317,36,1.126,68.597,0.862,2021,0.799
1023,Moldova,Commonwealth of Independent States,5.766,65,0.985,65.699,0.822,2021,0.918
1024,Mongolia,East Asia,5.677,70,0.966,62.5,0.708,2021,0.856
1025,Montenegro,Central and Eastern Europe,5.581,72,1.155,68.699,0.708,2021,0.812
1026,Morocco,Middle East and North Africa,4.918,106,0.792,66.208,0.774,2021,0.801
1027,Mozambique,Sub-Saharan Africa,4.794,115,0.183,54.706,0.882,2021,0.684
1028,Myanmar,Southeast Asia,4.426,126,0.666,59.302,0.876,2021,0.66
1029,Namibia,Sub-Saharan Africa,4.574,124,0.882,56.799,0.719,2021,0.847
1030,Nepal,South Asia,5.269,87,0.519,64.233,0.782,2021,0.727
1031,Netherlands,Western Europe,7.464,5,1.501,72.4,0.913,2021,0.338
1032,New Zealand,North America and ANZ,7.277,9,1.4,73.4,0.929,2021,0.242
1033,Nicaragua,Latin America and Caribbean,5.972,55,0.693,67.657,0.836,2021,0.664
1034,Niger,Sub-Saharan Africa,5.074,96,0.162,53.78,0.806,2021,0.693
1035,Nigeria,Sub-Saharan Africa,4.759,116,0.663,50.102,0.737,2021,0.878
1036,North Cyprus,Western Europe,5.536,74,1.377,73.898,0.795,2021,0.626
1037,North Macedonia,Central and Eastern Europe,5.101,94,1.068,65.474,0.751,2021,0.905
1038,Norway,Western Europe,7.392,6,1.543,73.3,0.96,2021,0.27
1039,Pakistan,South Asia,4.934,105,0.637,58.709,0.726,2021,0.787
1040,Palestinian Territories,Middle East and North Africa,4.517,125,0.646,62.25,0.653,2021,0.821
1041,Panama,Latin America and Caribbean,6.18,41,1.298,69.652,0.872,2021,0.856
1042,Paraguay,Latin America and Caribbean,5.653,71,0.983,65.9,0.876,2021,0.882
1043,Peru,Latin America and Caribbean,5.84,63,0.986,68.25,0.822,2021,0.891
1044,Philippines,Southeast Asia,5.88,61,0.853,62.0,0.917,2021,0.742
1045,Poland,Central and Eastern Europe,6.166,44,1.309,69.702,0.841,2021,0.735
1046,Portugal,Western Europe,5.929,58,1.323,72.6,0.892,2021,0.887
1047,Romania,Central and Eastern Europe,6.14,46,1.275,67.355,0.845,2021,0.938
1048,Russia,Commonwealth of Independent States,5.477,77,1.241,64.703,0.718,2021,0.845
1049,Rwanda,Sub-Saharan Africa,3.415,147,0.364,61.4,0.897,2021,0.167
1050,Saudi Arabia,Middle East and North Africa,6.494,26,1.435,66.603,0.877,2021,0.684
1051,Senegal,Sub-Saharan Africa,5.132,92,0.518,59.802,0.695,2021,0.801
1052,Serbia,Central and Eastern Europe,6.078,48,1.101,68.6,0.778,2021,0.835
1053,Sierra Leone,Sub-Saharan Africa,3.849,138,0.279,51.651,0.717,2021,0.866
1054,Singapore,Southeast Asia,6.377,32,1.695,76.953,0.927,2021,0.082
1055,Slovakia,Central and Eastern Europe,6.331,34,1.304,69.201,0.766,2021,0.911
1056,Slovenia,Central and Eastern Europe,6.461,29,1.36,71.4,0.949,2021,0.806
1057,South Africa,Sub-Saharan Africa,4.956,103,0.967,56.904,0.749,2021,0.86
1058,South Korea,East Asia,5.845,62,1.403,73.9,0.672,2021,0.727
1059,Spain,Western Europe,6.491,27,1.375,74.7,0.761,2021,0.745
1060,Sri Lanka,South Asia,4.325,129,0.99,67.299,0.841,2021,0.863
1061,Swaziland,Sub-Saharan Africa,4.308,130,0.849,50.833,0.647,2021,0.708
1062,Sweden,Western Europe,7.363,7,1.478,72.7,0.945,2021,0.237
1063,Switzerland,Western Europe,7.571,3,1.566,74.4,0.919,2021,0.292
1064,Taiwan Province of China,East Asia,6.584,24,1.48,69.6,0.784,2021,0.721
1065,Tajikistan,Commonwealth of Independent States,5.466,78,0.508,64.281,0.832,2021,0.553
1066,Tanzania,Sub-Saharan Africa,3.623,142,0.433,57.999,0.833,2021,0.577
1067,Thailand,Southeast Asia,5.985,54,1.107,67.401,0.884,2021,0.895
1068,Togo,Sub-Saharan Africa,4.107,136,0.254,54.914,0.619,2021,0.772
1069,Tunisia,Middle East and North Africa,4.596,122,0.919,67.201,0.656,2021,0.87
1070,Turkey,Middle East and North Africa,4.948,104,1.26,67.199,0.576,2021,0.776
1071,Turkmenistan,Commonwealth of Independent States,5.066,97,1.046,62.409,0.877,2021,0.888
1072,Uganda,Sub-Saharan Africa,4.636,119,0.364,56.101,0.709,2021,0.855
1073,Ukraine,Commonwealth of Independent States,4.875,110,0.979,64.902,0.724,2021,0.924
1074,United Arab Emirates,Middle East and North Africa,6.561,25,1.555,67.333,0.932,2021,0.589
1075,United Kingdom,Western Europe,7.064,17,1.423,72.5,0.859,2021,0.459
1076,United States,North America and ANZ,6.951,19,1.533,68.2,0.837,2021,0.698
1077,Uruguay,Latin America and Caribbean,6.431,31,1.164,69.1,0.896,2021,0.59
1078,Uzbekistan,Commonwealth of Independent States,6.179,42,0.769,65.255,0.97,2021,0.515
1079,Venezuela,Latin America and Caribbean,4.892,107,0.852,66.7,0.615,2021,0.827
1080,Vietnam,Southeast Asia,5.411,79,0.817,68.034,0.94,2021,0.796
1081,Yemen,Middle East and North Africa,3.658,141,0.329,57.122,0.602,2021,0.8
1082,Zambia,Sub-Saharan Africa,4.073,137,0.528,55.809,0.782,2021,0.823
1083,Zimbabwe,Sub-Saharan Africa,3.145,148,0.457,56.201,0.677,2021,0.821
